id,tipo,nombre,categoria,calle_y_numero,colonia,alcaldia,cp
0,Hotel,Hotel Cuernavaca,2 Estrellas,Carretera federal a Cuernavaca 5201,Chimalcoyotl,Tlalpan,14630
1,Hotel,City Express Alameda,4 Estrellas,Revillagigedo 23,Centro (Área 5),Cuauhtémoc,6050
2,Hotel,Hotel Park Nilo,5 Estrellas,Río Nilo 71,Cuauhtémoc,Cuauhtémoc,6500
3,Hotel,Suites Parioli,4 Estrellas,Río Po 108,Cuauhtémoc,Cuauhtémoc,6500
4,Hotel,Hotel Del Principado,3 Estrellas,Londres 42,Juárez,Cuauhtémoc,6600
5,Hotel,Hotel CLE,4 Estrellas,Nápoles 62,Juárez,Cuauhtémoc,6600
6,Hotel,Hotel Palace,3 Estrellas,Ignacio Ramírez 7,Tabacalera,Cuauhtémoc,6030
7,Hotel,Hotel Casa Blanca,5 Estrellas,Lafragua 7,Tabacalera,Cuauhtémoc,6030
8,Hotel,Hotel Principal,2 Estrellas,Bolívar 29,Centro (Área 1),Cuauhtémoc,6000
9,Hotel,Hotel San Antonio,3 Estrellas,Segundo callejón de 5 de Mayo 29,Centro (Área 1),Cuauhtémoc,6000
10,Hotel,Hotel Washington,2 Estrellas,5 de Mayo 54,Centro (Área 1),Cuauhtémoc,6000
11,Hotel,Hotel República,1 Estrella,República de Cuba 57,Centro (Área 2),Cuauhtémoc,6010
12,Hotel,Hotel Zócalo Central,5 Estrellas,Avenida 5 de Mayo 61,Centro (Área 1),Cuauhtémoc,6000
13,Hotel,Hotel Ritz,4 Estrellas,Francisco I. Madero 30,Centro (Área 1),Cuauhtémoc,6000
14,Hotel,Hotel San Francisco,4 Estrellas,Luis Moya 11,Centro (Área 5),Cuauhtémoc,6050
15,Hotel,Hotel Metropol,4 Estrellas,Luis Moya 39,Centro (Área 5),Cuauhtémoc,6050
16,Hotel,Hotel Lafayette,2 Estrellas,Motolinia  40,Centro (Área 1),Cuauhtémoc,6000
17,Hotel,Hotel Alcázar,1 Estrella,Doctor Liceaga 143,Doctores,Cuauhtémoc,6720
18,Hotel,Hotel Campeche,1 Estrella,Campeche 62,Roma Sur,Cuauhtémoc,6760
19,Hotel,Hotel California,4 Estrellas,Avenida Baja California 7,Roma Sur,Cuauhtémoc,6760
20,Hotel,Sheraton María Isabel Hotel & Towers,5 Estrellas,Paseo de la Reforma 325,Cuauhtémoc,Cuauhtémoc,6500
21,Hotel,Hotel Roosevelt,3 Estrellas,Avenida Insurgentes Sur 287,Hipódromo,Cuauhtémoc,6100
22,Hotel,Hotel Camino Real Polanco México,5 Estrellas,Calzada General Mariano Escobedo 700,Anzures,Miguel Hidalgo,11590
23,Hotel,Hotel Jalisco,1 Estrella,Avenida Jalisco 150,Tacubaya,Miguel Hidalgo,11870
24,Hotel,Tacubaya Hotel y Auto Suites,4 Estrellas,Viaducto Miguel Alemán 29,Tacubaya,Miguel Hidalgo,11870
25,Hotel,Hotel El Greco,3 Estrellas,Avenida San Antonio 22,Nápoles,Benito Juárez,3810
26,Hotel,Hotel Castropol,3 Estrellas,Avenida Pino Suárez 58,Centro (Área 9),Cuauhtémoc,6090
27,Hotel,Hotel Del Prado,5 Estrellas,Avenida Marina Nacional 399,Verónica Anzures,Miguel Hidalgo,11300
28,Hotel,Hotel Brasilia,3 Estrellas,Avenida Cien Metros 4823,Panamericana,Gustavo A. Madero,7770
29,Hotel,Exe Suites Reforma,5 Estrellas,Río Amazonas 78,Cuauhtémoc,Cuauhtémoc,6500
30,Hotel,Hotel Gin,3 Estrellas,Río Éufrates 3,Cuauhtémoc,Cuauhtémoc,6500
31,Hotel,Krystal Urban Aeropuerto CDMX,5 Estrellas,Avenida Javier Rojo Gómez 630,Leyes de Reforma primera sección,Iztapalapa,9310
32,Hotel,Hotel Catedral,4 Estrellas,Donceles 95,Centro (Área 3),Cuauhtémoc,6020
33,Hotel,Hotel Selina México Downtown,3 Estrellas,Avenida José María Izazaga 8,Centro (Área 8),Cuauhtémoc,6080
34,Hotel,Hotel Roble,3 Estrellas,República de Uruguay 109,Centro (Área 6),Cuauhtémoc,6060
35,Hotel,Hotel Calvin,2 Estrellas,José Azueta 33,Centro (Área 5),Cuauhtémoc,6050
36,Hotel,Hotel El Diplomático,4 Estrellas,Avenida Insurgentes Sur 1105,Nochebuena,Benito Juárez,3720
37,Hotel,Hotel Edison,2 Estrellas,Edison 106,Tabacalera,Cuauhtémoc,6030
38,Hotel,Hotel Plaza Luar,4 Estrellas,Avenida Melchor Ocampo 336,Cuauhtémoc,Cuauhtémoc,6500
39,Hotel,Hotel Pedregal Palace,5 Estrellas,Anillo Periférico Sur 3487,San Jerónimo Lídice,La Magdalena Contreras,10200
40,Hotel,Hotel New York,3 Estrellas,Edison 45,Tabacalera,Cuauhtémoc,6030
41,Hotel,Hotel Montemar,2 Estrellas,Valentín Gómez Farías 53,San Rafael,Cuauhtémoc,6470
42,Hotel,Isaaya Hotel Boutique,5 Estrellas,Dakota 155,Nápoles,Benito Juárez,3810
43,Hotel,Hotel Polanco,3 Estrellas,Edgar Allan Poe 8,Polanco V sección,Miguel Hidalgo,11560
44,Hotel,Hotel El Dorado,2 Estrellas,Orozco y Berra 131,Buenavista,Cuauhtémoc,6350
45,Hotel,Hotel Del Dorado,3 Estrellas,Avenida Cien Metros 1021,Nueva Industrial Vallejo,Gustavo A. Madero,7700
46,Hotel,Hotel Sevilla,4 Estrellas,Serapio Rendón 124,San Rafael,Cuauhtémoc,6470
47,Hotel,Hotel Fleming,3 Estrellas,Revillagigedo 35,Centro (Área 5),Cuauhtémoc,6050
48,Hotel,Hotel San Martín,3 Estrellas,Eje central Lázaro Cárdenas 84,Guerrero,Cuauhtémoc,6300
49,Hotel,Hotel Hilton Aeropuerto Ciudad de México,5 Estrellas,Avenida Capitán Carlos León sin número nueva terminal aérea piso 3,Peñón de los Baños,Venustiano Carranza,15520
50,Hotel,Gran Hotel Ciudad de México,5 Estrellas,16 de Septiembre 82,Centro (Área 1),Cuauhtémoc,6000
51,Hotel,Hotel Vermont,4 Estrellas,Vermont 29,Nápoles,Benito Juárez,3810
52,Hotel,Hotel Casa Blanca,3 Estrellas,Coahuila 27,Roma Norte,Cuauhtémoc,6700
53,Hotel,Hotel Muy,2 Estrellas,Antonio Caso 144,San Rafael,Cuauhtémoc,6470
54,Hotel,Hotel La Joya,1 Estrella,Ezequiel Montes 35,Tabacalera,Cuauhtémoc,6030
55,Hotel,Hotel San Alfonso,1 Estrella,Circunvalación 16,Morelos,Venustiano Carranza,15270
56,Hotel,Hotel El Patio,2 Estrellas,Avenida Insurgentes Norte 734,Santa María Insurgentes,Cuauhtémoc,6430
57,Hotel,Hotel Casa Blanca,1 Estrella,Manuel Gutierrez Nájera 34 A,Obrera,Cuauhtémoc,6800
58,Hotel,Suites Coyoacán,5 Estrellas,Avenida Coyoacán 1909,Acacias,Benito Juárez,3240
59,Hotel,Hotel Navío,2 Estrellas,Adolfo Gurrión 37,Merced Balbuena,Venustiano Carranza,15810
60,Hotel,Hotel Alvarado,1 Estrella,Fray Bernardino de Sahagún 12,Buenavista,Cuauhtémoc,6350
61,Hotel,Hotel Paraíso,1 Estrella,Ignacio Mariscal 99,Tabacalera,Cuauhtémoc,6030
62,Hotel,Hotel Marin / 77,Sin Clasificar,Antonio Caso 177,San Rafael,Cuauhtémoc,6470
63,Hotel,Suites Mi Casa,Sin Clasificar,General Prim 106,Juárez,Cuauhtémoc,6600
64,Hotel,Hotel Las Vegas,1 Estrella,Anillo de Circunvalación 1023,Centro (Área 9),Cuauhtémoc,6090
65,Hotel,Hotel Miramar,2 Estrellas,Calzada de Tlalpan 1550,Miravalle,Benito Juárez,3580
66,Hotel,Holiday Inn México Coyoacán,5 Estrellas,Calzada de Tlalpan 1507,Portales Sur,Benito Juárez,3300
67,Hotel,Hotel Torremolinos,4 Estrellas,Avenida Cuitláhuac 339,ProHogar,Azcapotzalco,2600
68,Hotel,Hotel Cien Metros,3 Estrellas,Avenida 100 metros 1191,Nueva Industrial Vallejo,Gustavo A. Madero,7700
69,Hotel,Hotel Huipulco,3 Estrellas,Huipulco 13,San Lorenzo Huipulco,Tlalpan,14370
70,Hotel,Hotel Prohogar,1 Estrella,Calle 17 104,Pro-hogar,Azcapotzalco,2600
71,Hotel,Motel Quinta Loreto,3 Estrellas,Miguel Lerdo de Tejada 260,Ampliación Petrolera,Azcapotzalco,2470
72,Hotel,Hotel Sol,2 Estrellas,Avenida Cuitláhuac 23,Prohogar,Azcapotzalco,2600
73,Hotel,Hotel Hipódromo,3 Estrellas,Calzada Legaria 185,Torre Blanca,Miguel Hidalgo,11280
74,Hotel,Hotel Martí,2 Estrellas,Arquitectos 63 esquina con José Martí,Escandón I sección,Miguel Hidalgo,11800
75,Hotel,Hotel Moderno,1 Estrella,Incas 9,Centro (Área 2),Cuauhtémoc,6010
76,Hotel,Hotel Rex,3 Estrellas,Obrero Mundial 937,Álamos,Benito Juárez,3400
77,Hotel,Hotel Quinta Las Delicias,2 Estrellas,Antonio Van Dick 24,Mixcoac,Benito Juárez,3910
78,Hotel,Hotel Museo,3 Estrellas,Héroes Ferrocarrileros 54,Santa María la Ribera,Cuauhtémoc,6400
79,Hotel,Hotel La Paloma,2 Estrellas,Orozco y Berra 187,Santa María la Ribera,Cuauhtémoc,6400
80,Hotel,Auto Hotel Max,3 Estrellas,Fernando de Alva Ixtlixochitl 23,Obrera,Cuauhtémoc,6800
81,Hotel,Hotel San Lorenzo,1 Estrella,Lorenzo Boturini 176,Obrera,Cuauhtémoc,6800
82,Hotel,Hotel Riviera,1 Estrella,José María Roa Bárcenas 117,Obrera,Cuauhtémoc,6800
83,Hotel,Hotel Goya,1 Estrella,Manuel Othon 133,Obrera,Cuauhtémoc,6800
84,Hotel,Hotel Polly,1 Estrella,Orozco y Berra 25,Guerrero,Cuauhtémoc,6300
85,Hotel,Hotel Xo Ha,3 Estrellas,Carretera federal a Cuernavaca 5855,San Pedro Mártir,Tlalpan,14650
86,Hotel,Hotel K 20,3 Estrellas,Carretera federal a Cuernavaca 6233,San Pedro Mártir,Tlalpan,14650
87,Hotel,Hotel Chopo,2 Estrellas,Doctor Enrique González Martínez  7,Santa María la Ribera,Cuauhtémoc,6400
88,Hotel,Apartamentos Amueblados Colonia Del Valle,2 Estrellas,Avenida Colonia del Valle 407,Del Valle Centro,Benito Juárez,3100
89,Hotel,Hotel La Villa,2 Estrellas,Calzada de Guadalupe 677,Aragón la Villa,Gustavo A. Madero,7000
90,Hotel,Motel La Flor,2 Estrellas,Avenida Insurgentes Norte 1020,Tlacamaca,Gustavo A. Madero,7380
91,Hotel,Hotel Cartagena,3 Estrellas,Norte 1 C 4835,Tlacamaca,Gustavo A. Madero,7380
92,Hotel,Hotel Villa Quijotes,3 Estrellas,Moctezuma 20,Aragón la Villa,Gustavo A. Madero,7000
93,Hotel,Hotel Faro,3 Estrellas,Avenida Alfredo Robles Domínguez 197,Guadalupe Insurgentes,Gustavo A. Madero,7870
94,Hotel,Hotel Samil Plaza,4 Estrellas,Calzada de Guadalupe 54,ExHipódromo de Peralvillo,Cuauhtémoc,6250
95,Hotel,Hotel Balbuena,1 Estrella,Carretones 136,Merced Balbuena,Venustiano Carranza,15810
96,Hotel,Hotel Condesa,4 Estrellas,Calzada de Tlalpan 911,Josefa Ortiz de Domínguez,Benito Juárez,3430
97,Hotel,Hotel San Juan,2 Estrellas,Doctor Jesús Valenzuela 40,Doctores,Cuauhtémoc,6720
98,Hotel,Hotel Durán,Sin Clasificar,Doctor Durán 99,Doctores,Cuauhtémoc,6720
99,Hotel,Hotel Córdoba,2 Estrellas,Fray Servando Teresa de Mier 511,Merced Balbuena,Venustiano Carranza,15810
100,Hotel,Hotel Campo Real,4 Estrellas,Prolongación División del Norte 5171,Potrero de San Bernardino,Xochimilco,16030
101,Hotel,Hotel Duque,3 Estrellas,Avenida Cuatro 38,Valentín Gómez Farías,Venustiano Carranza,15010
102,Hotel,Hotel Castillo,3 Estrellas,Calzada de Tlalpan 1606,Ermita,Benito Juárez,3590
103,Hotel,Hotel Del Sur,3 Estrellas,Calzada Ignacio Zaragoza 1398,Juan Escutia,Iztapalapa,9100
104,Hotel,Hotel Seoul,3 Estrellas,Lecumberri 79,Morelos,Venustiano Carranza,15270
105,Hotel,Hotel Antas,2 Estrellas,Miguel Negrete 9,Centro,Cuauhtémoc,15100
106,Hotel,Hotel La Rosa,3 Estrellas,Eligio Ancona 269,Santa María la Ribera,Cuauhtémoc,6400
107,Hotel,Hotel Conde,3 Estrellas,Pescaditos 15,Centro (Área 7),Cuauhtémoc,6070
108,Hotel,Hotel Gama,Sin Clasificar,Lago Zug 21,Torre Blanca,Miguel Hidalgo,11280
109,Hotel,Hotel La Casona,5 Estrellas,Durango 280,Roma Norte,Cuauhtémoc,6700
110,Hotel,Hotel Eje Villas y Suites,3 Estrellas,Doctor Roberto Solís Quiroga 213,Buenos Aires,Cuauhtémoc,6780
111,Hotel,Hotel Ribadavia,1 Estrella,Wagner 6,Ex-Hipódromo de Peralvillo,Cuauhtémoc,6250
112,Hotel,Hotel Mx Congreso,3 Estrellas,Avenida Ferrocarril Interoceánico 9,Morelos,Venustiano Carranza,15270
113,Hotel,Hotel Moctezuma,2 Estrellas,Moctezuma 21,Aragón la Villa,Gustavo A. Madero,7000
114,Hotel,Hotel Del Comercio,Sin Clasificar,Fray Bernardino de Sahagún 19,Guerrero,Cuauhtémoc,6300
115,Hotel,Hotel Atenas Plaza,4 Estrellas,Calzada Ermita Iztapalapa 867,Santa Isabel Industrial,Iztapalapa,9820
116,Hotel,Hotel Marsella,3 Estrellas,Peralvillo 107,Morelos,Cuauhtémoc,6200
117,Hotel,Hotel Detroit,3 Estrellas,Zaragoza 55,Guerrero,Cuauhtémoc,6300
118,Hotel,Hotel Dharma,2 Estrellas,Eje Mosqueta 200,Buenavista,Cuauhtémoc,6350
119,Hotel,Hotel Ibiza,2 Estrellas,Ponciano Arriaga 22,Tabacalera,Cuauhtémoc,6030
120,Hotel,Hotel España,1 Estrella,Avenida Puente de Alvarado 100,Tabacalera,Cuauhtémoc,6030
121,Hotel,Hotel Drigales,1 Estrella,Eje Mosqueta 32,Guerrero,Cuauhtémoc,6300
122,Hotel,Apartamentos Amueblados Viga,Sin Clasificar,Calzada de la Viga 423,Viaducto Piedad,Iztacalco,8200
123,Hotel,Hotel Tacuba,2 Estrellas,Golfo de Gabes 72,Tacuba,Miguel Hidalgo,11410
124,Hotel,Hotel Latino,2 Estrellas,Nezahualcóyotl 201,Centro (Área 9),Cuauhtémoc,6090
125,Hotel,Hotel Managua,2 Estrellas,Plaza de San Fernando 11,Guerrero,Cuauhtémoc,6300
126,Hotel,Hotel Habana,2 Estrellas,República de Cuba 77,Centro (Área 2),Cuauhtémoc,6010
127,Hotel,Hotel Lira,Sin Clasificar,Gobernador José Ceballos 70,San Miguel Chapultepec I sección,Miguel Hidalgo,11850
128,Hotel,Hotel Barreda,1 Estrella,Gabino Barreda 33,San Rafael,Cuauhtémoc,6470
129,Hotel,Hotel Polimpo,2 Estrellas,Petróleos Mexicanos 90,Petrolera,Azcapotzalco,2480
130,Hotel,Hotel Beethoven,2 Estrellas,Beethoven 219,Peralvillo,Cuauhtémoc,6220
131,Hotel,Hotel Cima,2 Estrellas,Alfonso Ceballos 12,Moctezuma,Venustiano Carranza,15500
132,Hotel,Hotel Normandie,3 Estrellas,Virginia Fábregas 14,San Rafael,Cuauhtémoc,6470
133,Hotel,Hotel Tres Colonias,1 Estrella,Ribera de San Cosme 132,San Rafael,Cuauhtémoc,6470
134,Hotel,Gran Hotel Texas,2 Estrellas,Ignacio Mariscal 129,Tabacalera,Cuauhtémoc,6030
135,Hotel,Hotel Gilbert,2 Estrellas,Amado Nervo 37,Santa María la Ribera,Cuauhtémoc,6400
136,Hotel,Hotel Boston,Sin Clasificar,República de Brasil 113,Morelos,Cuauhtémoc,6200
137,Hotel,Hotel Ándes,2 Estrellas,Strauss 77,Vallejo,Gustavo A. Madero,7870
138,Hotel,Hotel Minero Napoleón,Sin Clasificar,Monte Albán 71,Narvarte Poniente,Benito Juárez,3020
139,Hotel,Hotel Bahía,1 Estrella,Mar Irlanda 2,Anáhuac,Miguel Hidalgo,11320
140,Hotel,Hotel Manolo I,3 Estrellas,Luis Moya 111,Centro (Área 7),Cuauhtémoc,6070
141,Hotel,Hotel Nuevo Laredo,3 Estrellas,Avenida Albeniz 125,Vallejo,Gustavo A. Madero,7870
142,Hotel,Hotel Ciudad Real,2 Estrellas,16 de Septiembre 26,Centro de Azcapotzalco,Azcapotzalco,2000
143,Hotel,Hotel San Lucas,3 Estrellas,Plaza de San Lucas 6,Centro (Área 9),Cuauhtémoc,6090
144,Hotel,Hotel Playa Internacional,3 Estrellas,Nezahualcóyotl 52,Centro (Área 8),Cuauhtémoc,6080
145,Hotel,Nuevo Hotel Tijuana,4 Estrellas,Ramos Millán 9,Niños Héroes,Benito Juárez,3440
146,Hotel,Hotel Oasis,1 Estrella,Calzada Ignacio Zaragoza 3887,Santa Martha Acatitla,Iztapalapa,9510
147,Hotel,Amueblados Illinois,Sin Clasificar,Illinois 67,Ciudad de los Deportes,Benito Juárez,3710
148,Hotel,Hotel Morelos,2 Estrellas,General Francisco Arce 14,Juan Escutia,Iztapalapa,9100
149,Hotel,Hotel Cuba,3 Estrellas,República de Cuba 69,Centro (Área 2),Cuauhtémoc,6010
150,Hotel,Hotel Marconi,Sin Clasificar,Héroes 8 Bis,Guerrero,Cuauhtémoc,6300
151,Hotel,Hotel Niza,2 Estrellas,Mesones 61,Centro (Área 8),Cuauhtémoc,6080
152,Hotel,Hotel Agua Caliente,Sin Clasificar,Calzada Ignacio Zaragoza 846,Agrícola Pantitlán,Iztacalco,8100
153,Hotel,Motel Porto Sol,4 Estrellas,Eje 5 Sur 72,Paseos de Churubusco,Iztapalapa,9030
154,Hotel,Hostel Home,Sin Clasificar,Tabasco 303,Roma Norte,Cuauhtémoc,6700
155,Hotel,Hotel Pasadena Drive Inn,4 Estrellas,Avenida Revolución 826,Mixcoac,Benito Juárez,3910
156,Hotel,Casa de Huéspedes,Sin Clasificar,Mar de Java 45,Popotla,Miguel Hidalgo,11400
157,Hotel,Hotel Guadalajara,2 Estrellas,Rayón 54,Morelos,Cuauhtémoc,6200
158,Hotel,Suites Marne,3 Estrellas,Río Marne 12,Cuauhtémoc,Cuauhtémoc,6500
159,Hotel,Hotel Motel Misión Macen,3 Estrellas,Prolongación División del Norte 4931,San Lorenzo la Cebada,Xochimilco,16018
160,Hotel,Hotel Novotel México Santa Fe,4 Estrellas,Antonio Dovali Jaime 75,Santa Fe,Álvaro Obregón,1210
161,Hotel,Hotel La Luna,3 Estrellas,Calzada de Tlalpan 4383,San Lorenzo Huipulco,Tlalpan,14370
162,Hotel,Hotel & Villas Franklin,4 Estrellas,Benjamín Franklin 76,Escandón I sección,Miguel Hidalgo,11800
163,Hotel,City Express Suites Anzures,5 Estrellas,Leibnitz 120,Nueva Anzures,Miguel Hidalgo,11590
164,Hotel,Hotel Suites Reforma,5 Estrellas,Paseo de la Reforma 374,Juárez,Cuauhtémoc,6600
165,Hotel,Grand Chapultepec Residencial,5 Estrellas,Río Atoyac 89,Cuauhtémoc,Cuauhtémoc,6500
166,Hotel,Hotel Condesa DF,5 Estrellas,Avenida Veracruz 102,Condesa,Cuauhtémoc,6700
167,Hotel,Hostal Amigo,Sin Clasificar,Isabel la Católica 61-A,Centro (Área 1),Cuauhtémoc,6000
168,Hotel,Villas Princess Hotel,5 Estrellas,Viaducto Río de la Piedad 367,La Cruz,Iztacalco,8310
169,Hotel,Greene's Tours Suite,Sin Clasificar,Segunda cerrada de San Angel Inn 20,San Ángel Inn,Álvaro Obregón,1060
170,Hotel,Le Meridien México City,5 Estrellas,Paseo de la Reforma 69,Tabacalera,Cuauhtémoc,6030
171,Hotel,Hostel Zona Rosa,Sin Clasificar,Cerrada de Hamburgo 3,Juárez,Cuauhtémoc,6600
172,Hotel,Hotel Avilla Suites,3 Estrellas,Sombrereros 9,Tabacalera,Cuauhtémoc,6030
173,Hotel,City Express Plus Reforma El Ángel,4 Estrellas,Paseo de la Reforma 334,Juárez,Cuauhtémoc,6600
174,Hotel,NH Collection Santa Fe,4 Estrellas,Juan Salvador Agraz 44,Lomas de Vista Hermosa,Cuajimalpa de Morelos,5110
175,Hotel,Hostal Regina,Sin Clasificar,5 de Febrero 53,Centro (Área 9),Cuauhtémoc,6090
176,Hotel,Holiday Inn Express México Santa Fe,4 Estrellas,Guillermo González Camarena 1400,Santa Fe,Álvaro Obregón,1210
177,Hotel,México City Hostel,Sin Clasificar,República de Brasil 8,Centro (Área 2),Cuauhtémoc,6010
178,Hotel,Wyndham Garden México City Polanco,4 Estrellas,León Tolstoi 22,Nueva Anzures,Miguel Hidalgo,11590
179,Hotel,Courtyard By Marriott México City Airport,4 Estrellas,Sinaloa 31,Peñón de los Baños,Venustiano Carranza,15520
180,Hotel,Hotel Downtown,3 Estrellas,Isabel la Católica 30,Centro (Área 1),Cuauhtémoc,6000
181,Hotel,Aztic Hotel y Suites Ejecutivas,3 Estrellas,Camino al Ajusco 124 penthouse,Jardines en la Montaña,Tlalpan,14210
182,Hotel,México City Hostel Suites,Sin Clasificar,República de Brasil 11,Centro (Área 3),Cuauhtémoc,6020
183,Hotel,Hotel Amigo Zócalo,3 Estrellas,Moneda 8,Centro (Área 3),Cuauhtémoc,6020
184,Hotel,Hotel Stadia Suites Santa Fe,5 Estrellas,Juan Salvador Agraz 60,Santa Fe Cuajimalpa,Cuajimalpa de Morelos,5348
185,Hotel,Casa San Ildefonso,Sin Clasificar,San Ildefonso 38,Centro (Área 3),Cuauhtémoc,6020
186,Hotel,La Valise Hotel,5 Estrellas,Tonalá 53,Roma Norte,Cuauhtémoc,6700
187,Hotel,Hotel Carlota,4 Estrellas,Río Amazonas 73,Cuauhtémoc,Cuauhtémoc,6500
188,Hotel,Hotel Macao,1 Estrella,Eje central Lázaro Cárdenas 56,Centro (Área 8),Cuauhtémoc,6080
189,Hotel,Hotel Waikiki,1 Estrella,Simón Bolívar 303,Obrera,Cuauhtémoc,6080
190,Hotel,MOTEL QUINTA MARGARITA S.A. DE C.V.,2 Estrellas,Calzada Ermita Iztapalapa 1542 F,San Miguel,Iztapalapa,9699
191,Hotel,Motel Quinta Bugambilias S.A. de C.V.,2 Estrellas,Calzada de la Viga 185,Paulino Navarro,Cuauhtémoc,6870
192,Hotel,One Ciudad de México Periférico Sur,3 Estrellas,Periférico Sur 5530,Pedregal de Carrasco,Coyoacán,4700
193,Hotel,Hotel El Parque México,5 Estrellas,Avenida México 133,Hipódromo,Cuauhtémoc,6100
194,Hotel,Villa Condesa,5 Estrellas,Colima 428,Roma Norte,Cuauhtémoc,6700
195,Hotel,DoubleTree by Hilton México City Santa Fe,5 Estrellas,Calle 3 55,Lomas de Santa Fe,Álvaro Obregón,1219
196,Hotel,Fiesta Inn Insurgentes Sur,4 Estrellas,Mercaderes 20,San José Insurgentes,Benito Juárez,3900
197,Hotel,Suites Georgio,4 Estrellas,Río Lerma 166,Cuauhtémoc,Cuauhtémoc,6500
198,Hotel,Suites Capri Sevilla,4 Estrellas,Sevilla 34,Juárez,Cuauhtémoc,6600
199,Hotel,Hotel Histórico Central,4 Estrellas,Simón Bolívar 28,Centro (Área 1),Cuauhtémoc,6000
200,Hotel,City Express Plus Periférico Sur Tlalpan,4 Estrellas,Boulevard Adolfo Ruíz Cortines 4860,Guadalupe,Tlalpan,14388
201,Hotel,Casa En Reforma,3 Estrellas,Amado Nervo 73,Santa María la Ribera,Cuauhtémoc,6400
202,Hotel,Suites Capri Polanco,3 Estrellas,Francisco Petrarca 118,Polanco V sección,Miguel Hidalgo,11570
203,Hotel,Block Suites,3 Estrellas,Avenida Chapultepec 346,Roma Norte,Cuauhtémoc,6700
204,Hotel,Casa de Huéspedes Amueblados Amado Nervo,Sin Clasificar,Amado Nervo 73,Santa María la Ribera,Cuauhtémoc,6400
205,Hotel,Four Seasons Hotel México D. F.,5 Estrellas,Paseo de la Reforma 500,Juárez,Cuauhtémoc,6600
206,Hotel,Radisson Paraíso Hotel México D.F.,5 Estrellas,Cúspide 53,Parque del Pedregal,Tlalpan,14010
207,Hotel,Hotel Camino Real Aeropuerto,5 Estrellas,Fundidora de Monterrey 89,Peñón de los Baños,Venustiano Carranza,15520
208,Hotel,Hilton México City Reforma,5 Estrellas,Avenida Juárez 70,Centro (Área 2),Cuauhtémoc,6010
209,Hotel,Stara Hamburgo,5 Estrellas,Hamburgo 32,Juárez,Cuauhtémoc,6600
210,Hotel,Fiesta Inn Forum Buenavista,4 Estrellas,Eje Mosqueta 259,Buenavista,Cuauhtémoc,6350
211,Hotel,City Express CDMX La Villa,4 Estrellas,Calzada de Guadalupe 236,Vallejo,Gustavo A. Madero,7870
212,Hotel,Domingo Santo Hotel Boutique,3 Estrellas,Calle Republica de Cuba 96,Centro Histórico,Cuauhtémoc,6000
213,Hotel,"Umbral, Curio Collection by Hilton",5 Estrellas,Calle Venustiano Carranza 69,Centro Histórico,Cuauhtémoc,6000
214,,City Centro Ciudad de México,4 Estrellas,República de Uruguay 45,Centro Histórico,Cuauhtémoc,6000
215,Hotel,Hotel NH Collection México City Reforma,4 Estrellas,Liverpool 155,Juárez,Cuauhtémoc,6600
216,Hotel,Hotel El Salvador,3 Estrellas,República de El Salvador 16,Centro (Área 8),Cuauhtémoc,6080
217,Hotel,Hotel María Cristina,4 Estrellas,Río Lerma 31,Cuauhtémoc,Cuauhtémoc,6500
218,Hotel,Hotel Plaza Florencia,4 Estrellas,Florencia 61,Juárez,Cuauhtémoc,6600
219,Hotel,Hotel Holiday Inn & Suites México Zona Rosa,5 Estrellas,Londres 15,Juárez,Cuauhtémoc,6600
220,Hotel,Posada Viena Hotel,4 Estrellas,Marsella 28,Juárez,Cuauhtémoc,6600
221,Hotel,Hotel Imperial Reforma,5 Estrellas,Paseo de la Reforma 64,Juárez,Cuauhtémoc,6600
222,Hotel,Hotel Marquis Reforma,5 Estrellas,Paseo de la Reforma 465,Cuauhtémoc,Cuauhtémoc,6500
223,Hotel,Hotel Mallorca,3 Estrellas,Serapio Rendón 119,San Rafael,Cuauhtémoc,6470
224,Hotel,City Express Junior Ciudad de México Sullivan,4 Estrellas,Sullivan 35,San Rafael,Cuauhtémoc,6470
225,Hotel,Apartamentos Madrid Once,Sin Clasificar,Madrid 11,Tabacalera,Cuauhtémoc,6030
226,Hotel,Hotel Uxmal,3 Estrellas,Madrid 13,Tabacalera,Cuauhtémoc,6030
227,Hotel,Hotel Plaza Madrid,4 Estrellas,Madrid 15,Tabacalera,Cuauhtémoc,6030
228,Hotel,Hotel Congreso,1 Estrella,Allende 18,Centro (Área 2),Cuauhtémoc,6010
229,Hotel,Hotel Rioja,2 Estrellas,5 de Mayo 45,Centro (Área 1),Cuauhtémoc,6000
230,Hotel,Hotel Canadá,3 Estrellas,5 de Mayo 47,Centro (Área 1),Cuauhtémoc,6000
231,Hotel,Hotel Majestic Best Western,4 Estrellas,Francisco I. Madero 73,Centro (Área 1),Cuauhtémoc,6000
232,Hotel,Hotel Isabel,2 Estrellas,Isabel la Católica 63,Centro (Área 1),Cuauhtémoc,6000
233,Hotel,Hotel Corinto,4 Estrellas,Vallarta 24,Tabacalera,Cuauhtémoc,6030
234,Hotel,Hotel Puebla,3 Estrellas,Puebla 36,Roma Norte,Cuauhtémoc,6700
235,Hotel,Hotel MX Roma,3 Estrellas,Mérida 81,Roma Norte,Cuauhtémoc,6700
236,Hotel,Hotel Milán,3 Estrellas,Avenida Álvaro Obregón 94,Roma Norte,Cuauhtémoc,6700
237,Hotel,Hotel Regina,Sin Clasificar,Regina 133,Centro (Área 2),Cuauhtémoc,6010
238,Hotel,Hotel Capital O Monarca,3 Estrellas,Avenida Álvaro Obregón 32 B,Roma Norte,Cuauhtémoc,6700
239,Hotel,Hotel Segovia Regency,4 Estrellas,Avenida Chapultepec 328,Roma Norte,Cuauhtémoc,6700
240,Hotel,Hotel Estadio,2 Estrellas,Chiapas 5,Roma Norte,Cuauhtémoc,6700
241,Hotel,Hotel Bajío,1 Estrella,Tonalá 357,Roma Sur,Cuauhtémoc,6760
242,Hotel,Hotel Príncipe,3 Estrellas,Viaducto Miguel Alemán 113,Escandón I sección,Miguel Hidalgo,11800
243,Hotel,Hotel Irys Aleph,3 Estrellas,Avenida Insurgentes Centro 96,Tabacalera,Cuauhtémoc,6500
244,Hotel,Hotel Ermita,2 Estrellas,Avenida Revolución 102,Tacubaya,Miguel Hidalgo,11870
245,Hotel,Hotel Lirio,1 Estrella,Tránsito 4,Tacubaya,Miguel Hidalgo,11870
246,Hotel,Hotel Beverly,5 Estrellas,Nueva York 301,Nápoles,Benito Juárez,3810
247,Hotel,Amueblados Minc Centro,3 Estrellas,Pedro Baranda 8,Tabacalera,Cuauhtémoc,6030
248,Hotel,Hotel Mónaco,4 Estrellas,Eje Guerrero 12,Buenavista,Cuauhtémoc,6350
249,Hotel,Holiday Inn México Buenavista,5 Estrellas,Mariano Azuela 12,Santa María la Ribera,Cuauhtémoc,6400
250,Hotel,Hotel Fiesta Inn Aeropuerto,4 Estrellas,Boulevard Puerto Aéreo 502,Moctezuma segunda sección,Venustiano Carranza,15530
251,Hotel,Hotel Amazonas,3 Estrellas,Calzada San Antonio Abad 161,Obrera,Cuauhtémoc,6800
252,Hotel,We México,5 Estrellas,Boulevard Puerto Aéreo 390,Moctezuma segunda sección,Venustiano Carranza,15530
253,Hotel,Hotel Gran Sol,4 Estrellas,Avenida 1 de Mayo 10,Tacubaya,Miguel Hidalgo,11870
254,Hotel,Hotel Arizona,3 Estrellas,Avenida de la República 20,Tabacalera,Cuauhtémoc,6030
255,Hotel,Hotel Lisboa,4 Estrellas,Avenida Cuauhtémoc 273,Roma Norte,Cuauhtémoc,6700
256,Hotel,Hotel Century Zona Rosa,5 Estrellas,Liverpool 152,Juárez,Cuauhtémoc,6600
257,Hotel,Hotel Diligencias,3 Estrellas,Belisario Domínguez 6,Centro (Área 1),Cuauhtémoc,6000
258,Hotel,Hotel Las Américas,3 Estrellas,Magnolia 61,Guerrero,Cuauhtémoc,6300
259,Hotel,Suites Havre,2 Estrellas,Havre 74,Juárez,Cuauhtémoc,6600
260,Hotel,Hotel Cervantes,1 Estrella,Coahuila 25,Roma Norte,Cuauhtémoc,6700
261,Hotel,Hotel La Marina,2 Estrellas,Allende 30,Centro (Área 2),Cuauhtémoc,6010
262,Hotel,Hotel Oxford,2 Estrellas,Ignacio Mariscal 67,Tabacalera,Cuauhtémoc,6030
263,Hotel,Hotel Cónsul,1 Estrella,Avenida Insurgentes Centro 133,San Rafael,Cuauhtémoc,6470
264,Hotel,Hotel Covadonga,1 Estrella,2 de Abril 40,Guerrero,Cuauhtémoc,6300
265,Hotel,Apartamentos Amueblados Kansas,Sin Clasificar,Kansas 32 interior 7,Nápoles,Benito Juárez,3810
266,Hotel,Hotel Bernal Díaz,1 Estrella,Bernal Díaz del Castillo 19,Guerrero,Cuauhtémoc,6300
267,Hotel,Hotel Portales,2 Estrellas,Suiza 46,Portales Oriente,Benito Juárez,3570
268,Hotel,Hotel Clavería,2 Estrellas,Avenida Cuitlahuac 3101,Obrero Popular,Azcapotzalco,2840
269,Hotel,Hotel Heraldo,1 Estrella,Polo Norte 27,Angel Zimbrón,Azcapotzalco,2099
270,Hotel,Hotel Río,2 Estrellas,Manuel Dublan 31,Tacubaya,Miguel Hidalgo,11870
271,Hotel,Hotel Patria,2 Estrellas,República de El Salvador 137,Centro (Área 9),Cuauhtémoc,6090
272,Hotel,Hotel Kali Ciudadela,3 Estrellas,Revillagigedo 92,Centro (Área 7),Cuauhtémoc,6070
273,Hotel,Hotel Continental Mexicano,2 Estrellas,Callejón San Marcos 20,Centro (Área 6),Cuauhtémoc,6060
274,Hotel,Hotel El Senador,3 Estrellas,Doctor Erazo 33,Doctores,Cuauhtémoc,6720
275,Hotel,Hotel Parador Real,4 Estrellas,Calzada de Tlalpan 1289,Portales Sur,Benito Juárez,3300
276,Hotel,Hotel Turístico Churubusco,3 Estrellas,Calzada de Tlalpan 1737,San Diego Churubusco,Coyoacán,4120
277,Hotel,Hotel Rubí,3 Estrellas,Carretera federal a Cuernavaca 5813,Chimalcoyotl,Tlalpan,14630
278,Hotel,Hotel Caleta,1 Estrella,Juan de Dios Peza 155,Obrera,Cuauhtémoc,6800
279,Hotel,Hotel Tío Sam,1 Estrella,Fernando Ramírez 15,Obrera,Cuauhtémoc,6800
280,Hotel,Hotel Encanto,3 Estrellas,Fernando Ramírez 162,Obrera,Cuauhtémoc,6800
281,Hotel,Hotel Celta,1 Estrella,Lorenzo Boturini 41,Obrera,Cuauhtémoc,6800
282,Hotel,Hotel Titán,1 Estrella,Eje Central Lázaro Cárdenas 132,Obrera,Cuauhtémoc,6800
283,Hotel,Hotel Pánuco,2 Estrellas,Ayuntamiento 148,Centro (Área 4),Cuauhtémoc,6040
284,Hotel,Hotel Tres Marías,1 Estrella,Manuel Gutierrez Nájera 277,Tránsito,Cuauhtémoc,6820
285,Hotel,Hotel Plaza Solís,3 Estrellas,Antonio Solís 101,Obrera,Cuauhtémoc,6800
286,Hotel,Hotel Coloso,1 Estrella,Fernando de Alva Ixtlilxochitl 12 A,Obrera,Cuauhtémoc,6800
287,Hotel,Hotel Cadillac,2 Estrellas,José María Izazaga 35,Centro (Área 8),Cuauhtémoc,6080
288,Hotel,Hotel Turista Las Flores,3 Estrellas,Calzada de Tlalpan 1909,Parque San Andrés,Coyoacán,4040
289,Hotel,Hotel Ex-Hacienda Xaltocan,2 Estrellas,Camino de Nativitas 491 A,Barrio Xaltocan,Xochimilco,16090
290,Hotel,Hotel Astoria,1 Estrella,Zarco 39,Guerrero,Cuauhtémoc,6300
291,Hotel,Hotel Montreal,4 Estrellas,Calzada de Tlalpan 2073,Parque San Andrés,Coyoacán,4040
292,Hotel,Hotel Colins,4 Estrellas,Calzada Ignacio Zaragoza 2498,Santa Martha Acatitla,Iztapalapa,9510
293,Hotel,Hotel Vista Alegre,1 Estrella,Calzada de Guadalupe 594,Industrial,Gustavo A. Madero,7800
294,Hotel,Hotel Universal,1 Estrella,Calzada de Guadalupe 25,Maza,Cuauhtémoc,6270
295,Hotel,Hotel Esla,3 Estrellas,Avenida Talismán 2933,Tres Estrellas,Gustavo A. Madero,7820
296,Hotel,Hotel Álamos,2 Estrellas,Eje Central Lázaro Cárdenas 416,Álamos,Benito Juárez,3400
297,Hotel,Hotel Turismo,2 Estrellas,Delibes 4439,Guadalupe Victoria,Gustavo A. Madero,7790
298,Hotel,Hotel Puente,3 Estrellas,Avenida Cuatro 18,Valentín Gómez Farías,Venustiano Carranza,15010
299,Hotel,Hotel San Antonio,Sin Clasificar,Diagonal San Antonio 1947,Narvarte Poniente,Benito Juárez,3020
300,Hotel,Hotel Necaxa,Sin Clasificar,Carretones 39,Merced Balbuena,Venustiano Carranza,15810
301,Hotel,Hotel Mazatlán,2 Estrellas,Callejón de La Igualdad 29,Centro (Área 8),Cuauhtémoc,6080
302,Hotel,Hotel San Lorenzo,3 Estrellas,Enna 14,San Lorenzo Xicotencatl,Iztapalapa,9130
303,Hotel,Hotel Marqués,3 Estrellas,Cayetano Andrade 51,Santa Martha Acatitla,Iztapalapa,9510
304,Hotel,Hotel Canceleira,4 Estrellas,Calzada Ignacio Zaragoza 2811,Santa Martha Acatitla,Iztapalapa,9510
305,Hotel,Hotel Montecarlo,2 Estrellas,República de Uruguay 69,Centro (Área 1),Cuauhtémoc,6000
306,Hotel,Hotel La Riviera,3 Estrellas,Aldama 9,Guerrero,Cuauhtémoc,6300
307,Hotel,Hotel Mexicali,3 Estrellas,Calzada San Antonio Abad 285,Algarín,Cuauhtémoc,6880
308,Hotel,Hotel La Selva,1 Estrella,Calzada Chabacano 7,Asturias,Cuauhtémoc,6850
309,Hotel,Hotel Jacarandas,3 Estrellas,Avenida Río Consulado 7,Atlampa,Cuauhtémoc,6450
310,Hotel,Hotel Riva Palacio,1 Estrella,Pedro Moreno 14,Guerrero,Cuauhtémoc,6300
311,Hotel,Hotel Villa Hermosa,1 Estrella,Juventino Rosas 20,Ex-Hipódromo de Peralvillo,Cuauhtémoc,6250
312,Hotel,Hotel Piet,Sin Clasificar,Calzada de Guadalupe 152,Ex-Hipódromo de Peralvillo,Cuauhtémoc,6270
313,Hotel,Hotel Río de Janeiro,Sin Clasificar,República de Brasil 45,Centro (Área 3),Cuauhtémoc,6020
314,Hotel,Hotel Del Parque,2 Estrellas,Avenida Presidente Plutarco Elías Calles 882,Barrio San Pedro,Iztacalco,8220
315,Hotel,Hotel Abastos Plaza,4 Estrellas,Avenida Tezontle 133,Doctor Alfonso Ortiz Tirado,Iztapalapa,9020
316,Hotel,Hotel Rossel Plaza,3 Estrellas,Avenida Francisco del Paso y Troncoso 45,Granjas México,Iztacalco,8400
317,Hotel,Motel New,1 Estrella,Paganini 120,Vallejo,Gustavo A. Madero,7870
318,Hotel,Hotel Niza,Sin Clasificar,Mixcalco 14,Centro (Área 3),Cuauhtémoc,6020
319,Hotel,Motel Real La Viga,4 Estrellas,Lorenzo Boturini 372,Lorenzo Boturini,Venustiano Carranza,15820
320,Hotel,Hotel Miño,1 Estrella,Ignacio Zaragoza 25,Buenavista,Cuauhtémoc,6350
321,Hotel,Hotel Ferrol,2 Estrellas,Mina 135,Guerrero,Cuauhtémoc,6300
322,Hotel,Hotel Pisa,3 Estrellas,Avenida Insurgentes Centro 58,Tabacalera,Cuauhtémoc,6030
323,Hotel,Hotel Maga,2 Estrellas,Juan A. Mateos 159,Obrera,Cuauhtémoc,6800
324,Hotel,Hotel Marlyn,1 Estrella,Eje Central Lázaro Cárdenas 47,Doctores,Cuauhtémoc,6720
325,Hotel,Hotel Rosas Moreno,1 Estrella,Rosas Moreno 68 Bis,San Rafael,Cuauhtémoc,6470
326,Hotel,Apartamentos Altamira,1 Estrella,Miguel Ramos Arizpe 28,Tabacalera,Cuauhtémoc,6030
327,Hotel,Hotel Dalje,1 Estrella,Alfredo Chavero 170,Tránsito,Cuauhtémoc,6820
328,Hotel,Hotel Vista Alegre 1,2 Estrellas,Prolongación Zaragoza 33,San Simón Tolnahuac,Cuauhtémoc,6920
329,Hotel,Hotel Embajadores,1 Estrella,Comonfort 18 A,Centro (Área 2),Cuauhtémoc,6010
330,Hotel,Hotel Hidalgo,2 Estrellas,Doctor Barragán 163,Doctores,Cuauhtémoc,6720
331,Hotel,Hotel Polo,2 Estrellas,Doctor García Diego 67,Doctores,Cuauhtémoc,6720
332,Hotel,Hotel Único,2 Estrellas,Escuela Médico Militar 20,Centro (Área 9),Cuauhtémoc,6090
333,Hotel,Apartamentos Amueblados San Antonio,2 Estrellas,Avenida San Antonio 84,Nápoles,Benito Juárez,3810
334,Hotel,Hotel Laredo,Sin Clasificar,República de Perú 72,Centro (Área 2),Cuauhtémoc,6010
335,Hotel,Hotel Geneve,3 Estrellas,Quetzalcóatl 2,Tlaxpana,Miguel Hidalgo,11370
336,Hotel,Hotel Ámbar,3 Estrellas,San Jerónimo 105,Centro (Área 9),Cuauhtémoc,6090
337,Hotel,Hotel La Raza,2 Estrellas,Avenida Insurgentes Norte 788,Santa María Insurgentes,Cuauhtémoc,6430
338,Hotel,Hotel Casa Silencio,2 Estrellas,Calzada de Tlalpan 959,Niños Héroes,Benito Juárez,3440
339,Hotel,Hotel Gracia,3 Estrellas,Calzada de Tlalpan 1221,San Simón Ticumac,Benito Juárez,3660
340,Hotel,Hotel Villa de Madrid,3 Estrellas,Calzada de Guadalupe 195,7 de Noviembre,Gustavo A. Madero,7840
341,Hotel,Hostel Catedral Mundo Joven,Sin Clasificar,República de Guatemala 4,Centro (Área 3),Cuauhtémoc,6020
342,Hotel,Hotel Apatlaco,3 Estrellas,Avenida Río Churubusco 1520,Infonavit Iztacalco,Iztacalco,8900
343,Hotel,Hotel Canadá,Sin Clasificar,Lago Cuitzeo 245,Anáhuac,Miguel Hidalgo,11320
344,Hotel,Hotel Moctezuma,1 Estrella,Moctezuma 138,Guerrero,Cuauhtémoc,6300
345,Hotel,Hotel Modelo,3 Estrellas,Avenida Alfredo Robles Domínguez 46,Vallejo,Gustavo A. Madero,7870
346,Hotel,Hotel Residencia Polanco,5 Estrellas,Newton 272,Polanco V sección,Miguel Hidalgo,11560
347,Hotel,Hotel y Villas Pal,4 Estrellas,Avenida Arcos de Belén 73,Centro (Área 7),Cuauhtémoc,6070
348,Hotel,Hotel Leo,3 Estrellas,Avenida Insurgentes Sur 4267,La Joya,Tlalpan,14090
349,Hotel,Casa de La Condesa,4 Estrellas,Plaza Luis Cabrera 16,Roma Sur,Cuauhtémoc,6760
350,Hotel,Hotel Atlanta,2 Estrellas,Belisario Domínguez 31,Centro (Área 2),Cuauhtémoc,6010
351,Hotel,Hotel Pirámides,Sin Clasificar,José María Rico 632,Del Valle Centro,Benito Juárez,3100
352,Hotel,Hotel Boston Plaza,4 Estrellas,Calzada de Tlalpan 3353,Pueblo de Santa Úrsula Coapa,Coyoacán,4650
353,Hotel,Suites Del Ángel,5 Estrellas,Río Lerma 162,Cuauhtémoc,Cuauhtémoc,6500
354,Hotel,Casa Castelar,Sin Clasificar,Avenida Nuevo León 108,Hipódromo,Cuauhtémoc,6100
355,Hotel,Basic Hotel,4 estrellas,Sullivan 163 bis,San Rafael,Cuauhtémoc,6470
356,Hotel,Hotel Victoria,1 Estrella,Pedro Luis Gazon 4,Guerrero,Cuauhtémoc,6300
357,Hotel,Hotel Fiesta Inn Centro Histórico,4 Estrellas,Avenida Juárez 76,Centro (Área 2),Cuauhtémoc,6010
358,Hotel,Fiesta Inn Insurgentes Viaducto,5 Estrellas,Avenida Insurgentes Sur 553,Escandón I sección,Miguel Hidalgo,11800
359,Hotel,Condesa Suites,Sin Clasificar,Juan de la Barrera 66,Condesa,Cuauhtémoc,6140
360,Hotel,Hotel & Villas Cabanna,3 Estrellas,Aquiles Serdán 386,Guadalupita,Xochimilco,16740
361,Hotel,Dominion Corporate Suites,5 Estrellas,Aristóteles 21,Polanco V sección,Miguel Hidalgo,11560
362,Hotel,Real Azteca,4 Estrellas,Calzada de Tlalpan 3441,Pueblo de Santa Úrsula Coapa,Coyoacán,4650
363,Hotel,Hotel Suites Embassy,3 Estrellas,Puebla 115,Roma Norte,Cuauhtémoc,6700
364,Hotel,Hotel Pennsylvania,2 Estrellas,Ignacio Mariscal 101,Tabacalera,Cuauhtémoc,6030
365,Hotel,Suites Contempo,5 Estrellas,Avenida Melchor Ocampo 455,Anzures,Miguel Hidalgo,11590
366,Hotel,Hotel NH México City Centro Histórico,4 Estrellas,Palma 42,Centro (Área 1),Cuauhtémoc,6000
367,Hotel,Posada Real de Juárez,2 Estrellas,Tokio 66,Juárez,Cuauhtémoc,6600
368,Hotel,Hotel Camino Real Pedregal México,5 Estrellas,Periférico Sur 3647,Héroes de Padierna,La Magdalena Contreras,10700
369,Hotel,Eurostars Zona Rosa Suites,5 Estrellas,Londres 115,Juárez,Cuauhtémoc,6600
370,Hotel,Hotel Aranjuez,3 Estrellas,Calzada de Tlalpan 413,Álamos,Benito Juárez,3400
371,Hotel,The Green Park Hotel,5 Estrellas,Constituyentes 99,San Miguel Chapultepec I sección,Miguel Hidalgo,11850
372,Hotel,Suites Obelisk,Sin Clasificar,Julio Verne 28,Polanco V sección,Miguel Hidalgo,11560
373,Hotel,Hotel Naciones,4 Estrellas,Calzada Vallejo 255,Vallejo Poniente,Gustavo A. Madero,7790
374,Hotel,Residence L'heritage,5 Estrellas,Tennyson 79,Polanco V sección,Miguel Hidalgo,11560
375,Hotel,Hotel Hippodrome,5 Estrellas,Avenida México 188,Hipódromo,Cuauhtémoc,6100
376,Hotel,Hotel Monte Casino,3 Estrellas,Instituto Politécnico Nacional 5104,Capultitlan,Gustavo A. Madero,7370
377,Hotel,Quinta Alma Sofía Hostal Campestre,Sin Clasificar,Camino a San Francisco 7904,El Cedral,Xochimilco,16870
378,Hotel,Plaza Suites México City,5 Estrellas,Paseo de la Reforma 77,Tabacalera,Cuauhtémoc,6030
379,Hotel,Hotel & Suites Ferri,3 Estrellas,Avenida Sara 4605,Guadalupe Tepeyac,Gustavo A. Madero,7840
380,Hotel,Casa Cranfill,Sin Clasificar,Puebla 303,Roma Norte,Cuauhtémoc,6700
381,Hotel,Filadelfia Suites Hotel Boutique,5 Estrellas,Filadelfia 42,Nápoles,Benito Juárez,3810
382,Hotel,Chillout Flat Bed And Breakfast,Sin Clasificar,Bolívar 8 interior 102,Centro (Área 1),Cuauhtémoc,6000
383,Hotel,City Express Buenavista,4 Estrellas,Avenida Insurgentes Norte 226,Santa María la Ribera,Cuauhtémoc,6400
384,Hotel,City Suites Ciudad de México Santa Fe,4 Estrellas,Juan Salvador Agraz 69,Santa Fe Cuajimalpa,Cuajimalpa de Morelos,5348
385,Hotel,One Ciudad de México Alameda,3 Estrellas,Avenida Juárez 88,Centro (Área 4),Cuauhtémoc,6040
386,Hotel,Stara San Ángel Inn,5 Estrellas,Segunda cerrada de San Ángel Inn 4,Lomas de San Ángel Inn,Álvaro Obregón,1790
387,Hotel,Fiesta Inn Plaza Central Aeropuerto,4 Estrellas,Avenida canal Río Churubusco 1635,Central de Abasto,Iztapalapa,9040
388,Hotel,Hotel y Villas Ajusco,3 Estrellas,Carretera Picacho Ajusco 941,Lomas de Padierna,Tlalpan,14240
389,Hotel,Hotel Bolivar Suites,1 Estrella,Simón Bolívar 375,Obrera,Cuauhtémoc,6800
390,Hotel,Suites Florencia Motel S.A. de C.V.,2 Estrellas,Avenida Xochimilco 44,Agrícola Pantitlán,Iztacalco,8100
391,Hotel,Motel Afrodita,2 Estrellas,Instituto Politécnico Nacional 4709,Tlacamaca,Gustavo A. Madero,7380
392,Hotel,Quinta Inn Motel S.A. de C.V.,2 Estrellas,Avenida 5 Eje 3 Oriente,Granjas San Antonio,Iztapalapa,9070
393,Hotel,Motel Central Inn S.A. de C.V.,2 Estrellas,Pochtecas 17,Central de Abasto,Iztapalapa,9040
394,Hotel,City Express Aeropuerto Ciudad de México,4 Estrellas,Boulevard Puerto Aéreo 90,Santa Cruz Aviación,Venustiano Carranza,15540
395,Hotel,Holiday Inn Express Aeropuerto CDMX,4 Estrellas,Avenida Río Churubusco 253,Granjas México,Iztacalco,8400
396,Hotel,AC Hotel Santa Fe,5 Estrellas,Juan Salvador Agraz 130,Santa Fe Cuajimalpa,Cuajimalpa de Morelos,5348
397,Hotel,Marriott Reforma,5 Estrellas,Avenida Paseo de la Reforma 276,Cuauhtémoc,Cuauhtémoc,6600
398,Hotel,JW Marriott México City Santa Fe,5 Estrellas,Avenida Santa Fe 160,Lomas de Santa Fe,Álvaro Obregón,1219
399,Hotel,Hotel Coral,4 Estrellas,Calzada de la Viga 275,Ampliación Asturias,Cuauhtémoc,6890
400,Hotel,Suites Capri Reforma,4 Estrellas,Avenida Paseo de la Reforma 410,Juárez,Cuauhtémoc,6600
401,Hotel,Suites Capri Colonia Roma,4 Estrellas,Sinaloa 124,Roma Norte,Cuauhtémoc,6700
402,Hotel,Hotel Plaza Revolución,4 Estrellas,Jesús Terán 35,Tabacalera,Cuauhtémoc,6030
403,Hotel,City Express Central de Abasto,4 Estrellas,Eje 6 sur 540,Central de Abasto,Iztapalapa,9040
404,Hotel,Holiday Inn Express Santa Fe,4 Estrellas,Guillermo González Camarena 1400,Santa Fe,Álvaro Obregón,1210
405,Hotel,Hotel Aspen,4 Estrellas,Avenida Vasco de Quiroga 1840,Tlapechico,Álvaro Obregón,1230
406,Hotel,Hotel Alpes,3 Estrellas,Calzada de Tlalpan 1512,Miravalle,Benito Juárez,3580
407,Hotel,Suites Newton,3 Estrellas,Newton 46,Polanco V sección,Miguel Hidalgo,11560
408,Hotel,Casa de Huéspedes Amueblados Frontera,Sin Clasificar,Degollado 91,Guerrero,Cuauhtémoc,6300
409,Hotel,Hotel Hispano,Sin Clasificar,Avenida de las Granjas 214,Centro de Azcapotzalco,Azcapotzalco,2000
410,Hotel,The Red Tree House,Sin Clasificar,Culiacán 6,Hipódromo,Cuauhtémoc,6100
411,Hotel,Hotel Geneve Ciudad de México,5 Estrellas,Londres 130,Juárez,Cuauhtémoc,6600
412,Hotel,Hyatt Regency México City,5 Estrellas,Campos Elíseos 204,Polanco V sección,Miguel Hidalgo,11560
413,Hotel,JW Marriott Hotel México City,5 Estrellas,Andrés Bello 29,Polanco V sección,Miguel Hidalgo,11560
414,Hotel,Hotel Royal Reforma,5 Estrellas,Amberes 78,Juárez,Cuauhtémoc,6600
415,Hotel,Holiday Inn Ciudad de México Trade Center,5 Estrellas,Avenida Revolución 583,San Pedro de los Pinos,Benito Juárez,3800
416,Hotel,Hotel Real del Sur,5 Estrellas,Avenida División del Norte 3640,El Reloj,Coyoacán,4640
417,Hotel,Hotel W México City,5 Estrellas,Campos Elíseos 252,Polanco V sección,Miguel Hidalgo,11560
418,Hotel,The Westin Santa Fe,5 Estrellas,Javier Barros Sierra  540,Lomas de Santa Fe,Álvaro Obregón,1219
419,Hotel,The Host Business Suites,Sin Clasificar,Magdalena 311,Del Valle,Benito Juárez,3100
420,Hotel,Hotel Boutique Jtower,4 Estrellas,Texas 17,Nápoles,Benito Juárez,3810
421,Hotel,Living Céfiro by Stara,5 Estrellas,Céfiro 5,Pedregal del Maurel,Coyoacán,4530
422,,Ryo Kan,3 Estrellas,Río Panuco 166,Juárez,Cuauhtémoc,6500
423,,City Express CDMX Tlalpan,4 Estrellas,Calzada de Tlalpan 1561,Portales Sur,Benito Juárez,3300
424,,Sofitel Mexico City Reforma,4 Estrellas,Avenida Paseo de la Reforma 297,Cuauhtémoc,Cuauhtémoc,6500
425,Hotel,Hotel Del Ángel,4 Estrellas,Río Lerma 154,Cuauhtémoc,Cuauhtémoc,6500
426,Hotel,Hotel Bristol,4 Estrellas,Plaza Necaxa 17,Cuauhtémoc,Cuauhtémoc,6500
427,Hotel,Exe Suites San Marino,5 Estrellas,Río Tiber 107,Cuauhtémoc,Cuauhtémoc,6500
428,Hotel,Suites Amberes,5 Estrellas,Amberes 64,Juárez,Cuauhtémoc,6600
429,Hotel,Hotel Premier,3 Estrellas,Atenas 72,Juárez,Cuauhtémoc,6600
430,Hotel,Hotel Reforma Avenue,4 Estrellas,Donato Guerra 24,Juárez,Cuauhtémoc,6600
431,Hotel,Suites Nápoles,3 Estrellas,Lucerna 58,Juárez,Cuauhtémoc,6600
432,Hotel,Hotel Fiesta Americana Reforma,5 Estrellas,Paseo de la Reforma 80,Juárez,Cuauhtémoc,6600
433,Hotel,Hotel Emporio,5 Estrellas,Paseo de la Reforma 124,Juárez,Cuauhtémoc,6600
434,Hotel,Hotel Astor,4 Estrellas,Antonio Caso 83,San Rafael,Cuauhtémoc,6470
435,Hotel,Hotel Manalba,3 Estrellas,Antonio Caso 23,Tabacalera,Cuauhtémoc,6030
436,Hotel,Hotel Regente City,4 Estrellas,París 9,Tabacalera,Cuauhtémoc,6030
437,Hotel,Hotel Zamora,Sin Clasificar,5 de Mayo 50,Centro (Área 2),Cuauhtémoc,6010
438,Hotel,Hotel Gillow,4 Estrellas,Isabel la Católica 17,Centro (Área 1),Cuauhtémoc,6000
439,Hotel,Hotel Princess,2 Estrellas,República de Cuba 55,Centro (Área 2),Cuauhtémoc,6010
440,Hotel,Stanza Hotel,4 Estrellas,Avenida Álvaro Obregón 13,Roma Norte,Cuauhtémoc,6700
441,Hotel,Hotel Sevilla Palace,5 Estrellas,Paseo de la Reforma 105,Tabacalera,Cuauhtémoc,6030
442,Hotel,Hotel El Castro,3 Estrellas,Sinaloa 32,Roma Norte,Cuauhtémoc,6700
443,Hotel,Hotel Paraíso,1 Estrella,Campeche 186,Roma Sur,Cuauhtémoc,6760
444,Hotel,Hotel Benidorm,5 Estrellas,Frontera 217,Roma Norte,Cuauhtémoc,6700
445,Hotel,Hotel Del Rey,3 Estrellas,Viaducto Miguel Alemán 9,Del Valle Centro,Benito Juárez,3100
446,Hotel,Porto Novo Hotel & Suites,4 Estrellas,Viaducto Miguel Alemán 645,Piedad Narvarte,Benito Juárez,3000
447,Hotel,Hotel Esperanza,2 Estrellas,Esperanza 1155,Narvarte Poniente,Benito Juárez,3020
448,Hotel,Laila Hotel CDMX,4 Estrellas,Río Lerma 237,Cuauhtémoc,Cuauhtémoc,6500
449,Hotel,Hotel Bonn,4 Estrellas,18 de Julio 45,Escandón I sección,Miguel Hidalgo,11800
450,Hotel,Hotel Ambos Mundos,4 Estrellas,Avenida Revolución 135,Tacubaya,Miguel Hidalgo,11870
451,Hotel,Hotel Atlante,3 Estrellas,Ciencias 91,Escandón I sección,Miguel Hidalgo,11800
452,Hotel,Hotel Grand Prix,4 Estrellas,Calzada Río Churubusco 200 esquina Añil,Granjas México,Iztacalco,8400
453,Hotel,Hotel Stella Maris,4 Estrellas,Avenida Sullivan 69,San Rafael,Cuauhtémoc,6470
454,Hotel,Hotel Finisterre,5 Estrellas,Calzada de Tlalpan 2043,Parque San Andrés,Coyoacán,4040
455,Hotel,Hotel Bárcelo México Reforma,5 Estrellas,Paseo de la Reforma 1,Tabacalera,Cuauhtémoc,6030
456,Hotel,Sheraton Suites Santa Fe,5 Estrellas,Guillermo González Camarena 200,Santa Fe,Álvaro Obregón,1210
457,Hotel,Hotel Galería Plaza Reforma,5 Estrellas,Hamburgo 195,Juárez,Cuauhtémoc,6500
458,Hotel,Hotel Estoril,4 Estrellas,Luis Moya 93,Centro (Área 7),Cuauhtémoc,6070
459,Hotel,Hotel Cozumel,3 Estrellas,Doctor Barragán 79,Doctores,Cuauhtémoc,6720
460,Hotel,Hotel Oslo,4 Estrellas,Eje central Lázaro Cárdenas 337,Buenos Aires,Cuauhtémoc,6780
461,Hotel,Hotel Del Bosque,4 Estrellas,Melchor Ocampo 323,Nueva Anzures,Miguel Hidalgo,11590
462,Hotel,Hotel Hidalgo,3 Estrellas,Santa Veracruz 37,Guerrero,Cuauhtémoc,6300
463,Hotel,Hotel El Ejecutivo by Reforma Avenue,4 Estrellas,Viena 8,Juárez,Cuauhtémoc,6600
464,Hotel,Hotel Marbella,4 Estrellas,Frontera 205,Roma Norte,Cuauhtémoc,6700
465,Hotel,Hotel Lord,4 Estrellas,Doctor Velasco 17,Doctores,Cuauhtémoc,6720
466,Hotel,Ramada Reforma,4 Estrellas,Jesús Terán 12,Tabacalera,Cuauhtémoc,6030
467,Hotel,Hotel Fontán Reforma,4 Estrellas,Paseo de la Reforma 24,Centro (Área 4),Cuauhtémoc,6040
468,Hotel,Hotel Riazor,4 Estrellas,Viaducto Río de la Piedad 297,La Cruz,Iztacalco,8310
469,Hotel,Hotel MX Garibaldi,4 Estrellas,Honduras 11,Centro (Área 2),Cuauhtémoc,6010
470,Hotel,Holiday Inn Plaza Universidad,5 Estrellas,Parroquia 1056,Santa Cruz Atoyac,Benito Juárez,3310
471,Hotel,Hotel Antillas,3 Estrellas,Belisario Domínguez 34,Centro (Área 2),Cuauhtémoc,6010
472,Hotel,Hotel Mazoy,1 Estrella,Mina 220,Buenavista,Cuauhtémoc,6350
473,Hotel,Suites San Marco,4 Estrellas,Río Po 125,Cuauhtémoc,Cuauhtémoc,6500
474,Hotel,Hotel San Diego,3 Estrellas,Luis Moya 98,Centro (Área 7),Cuauhtémoc,6070
475,Hotel,Hotel Atlampa,3 Estrellas,Avenida Río Consulado 661,Atlampa,Cuauhtémoc,6450
476,Hotel,Hotel Azores,3 Estrellas,República de Brasil 25,Centro (Área 2),Cuauhtémoc,6010
477,Hotel,Hotel Kennedy,Sin Clasificar,Fray Servando Teresa de Mier 760,Jardín Balbuena,Venustiano Carranza,15900
478,Hotel,Hotel Manolete,1 Estrella,Lerdo 60,Guerrero,Cuauhtémoc,6300
479,Hotel,Hotel Savoy,1 Estrella,Zaragoza 10,Guerrero,Cuauhtémoc,6300
480,Hotel,Hotel Vigo,3 Estrellas,Avenida Cuitláhuac 151,ProHogar,Azcapotzalco,2600
481,Hotel,Hotel Dos Naciones,3 Estrellas,Mina 13,Guerrero,Cuauhtémoc,6300
482,Hotel,Hotel La Milpa,Sin Clasificar,Avenida Centenario 2126,Santiago Atzacoalco,Gustavo A. Madero,7040
483,Hotel,Hotel Nevada,3 Estrellas,Soledad 38,Centro (Área 6),Cuauhtémoc,6060
484,Hotel,Motel Ermita,3 Estrellas,Calzada Ermita Iztapalapa 1575,San Miguel,Iztapalapa,9360
485,Hotel,Hotel La Fuente,2 Estrellas,Orozco y Berra 10,Guerrero,Cuauhtémoc,6300
486,Hotel,Hotel Jardines de Churubusco,2 Estrellas,Calzada de Tlalpan 1885,Churubusco Country Club,Coyoacán,4210
487,Hotel,Hotel Progreso,1 Estrella,Cerrada de la Paz 7,Escandón I sección,Miguel Hidalgo,11800
488,Hotel,Hotel Triana,1 Estrella,Avenida Popocatepetl 88,Portales Norte,Benito Juárez,3303
489,Hotel,Hotel Diana,1 Estrella,Santa Cruz 18,Portales Sur,Benito Juárez,3300
490,Hotel,Hotel Costa del Sol,4 Estrellas,Carretera federal a Cuernavaca 5101,Chimalcoyotl,Tlalpan,14630
491,Hotel,Hotel Empire,2 Estrellas,Manuel Othon 14,Obrera,Cuauhtémoc,6800
492,Hotel,Hotel Durango,2 Estrellas,Avenida Río Consulado Circuito Interior 104,Santa María Insurgentes,Cuauhtémoc,6430
493,Hotel,Apartamentos Amueblados Alzate,3 Estrellas,José Antonio Álzate 10,Santa María la Ribera,Cuauhtémoc,6400
494,Hotel,Hotel Taxco,1 Estrella,Julián Montiel 35,Obrera,Cuauhtémoc,6800
495,Hotel,Hotel Mina,1 Estrella,Salgado 18,Buenavista,Cuauhtémoc,6350
496,Hotel,Hotel Inn Sur,4 Estrellas,Avenida Insurgentes Sur 4265,Santa Úrsula Xitla,Tlalpan,14420
497,Hotel,Hotel Princesa,3 Estrellas,Calzada de Tlalpan 952,Nativitas,Benito Juárez,3500
498,Hotel,Hotel & Villas Juan Diego,3 Estrellas,Avenida Insurgentes Norte 1917,Tepeyac Insurgentes,Gustavo A. Madero,7020
499,Hotel,Hotel El Pilar,3 Estrellas,Instituto Técnico Industrial 212,Agricultura,Miguel Hidalgo,11360
500,Hotel,Hotel Río Miño,1 Estrella,Miguel Domínguez 28,Morelos,Venustiano Carranza,15270
501,Hotel,Hotel Olimpo,3 Estrellas,Avenida Noé 90,Guadalupe Tepeyac,Gustavo A. Madero,7840
502,Hotel,Hotel Los Cabos,3 Estrellas,Coatzacoalcos 6,Ampliación Casas Alemán,Gustavo A. Madero,7580
503,Hotel,Hotel Turismo,1 Estrella,Avenida Poniente 106  72,Defensores de la República,Gustavo A. Madero,7780
504,Hotel,Hotel Platino,2 Estrellas,Platino 298,Felipe Ángeles,Venustiano Carranza,15310
505,Hotel,Hotel D'Casa,2 Estrellas,Carretones 140,Merced Balbuena,Venustiano Carranza,15100
506,Hotel,Hotel Plaza Las Torres,2 Estrellas,Zaragoza 47,Año de Juárez,Iztapalapa,9780
507,Hotel,Hotel Aeropuerto,3 Estrellas,Boulevard Puerto Aéreo 380,Moctezuma segunda sección,Venustiano Carranza,15530
508,Hotel,Hotel Parque Vía,3 Estrellas,Lago Gascasonica 15,Tacuba,Miguel Hidalgo,11410
509,Hotel,Hotel Imperio,1 Estrella,Calzada Legaria 3,Tacuba,Miguel Hidalgo,11410
510,Hotel,Hotel Del Sur,Sin Clasificar,Lago Garda 113,Anáhuac,Miguel Hidalgo,11320
511,Hotel,Hotel Faro,2 Estrellas,Doctor Pascua 18,Doctores,Cuauhtémoc,6720
512,Hotel,Motel Los Arcos,3 Estrellas,Carretera federal México Toluca 4419 kilometro 14 1/2,Cooperativa Palo Alto,Cuajimalpa de Morelos,5110
513,Hotel,Hotel Jamaica,Sin Clasificar,Calzada de la Viga 325,Asturias,Cuauhtémoc,6850
514,Hotel,Hotel Lepanto,3 Estrellas,Guerrero 90,Guerrero,Cuauhtémoc,6300
515,Hotel,Hotel Orense,1 Estrella,Lucas Alamán 12,Obrera,Cuauhtémoc,6800
516,Hotel,Hotel América,1 Estrella,Buenavista 4,Guerrero,Cuauhtémoc,6300
517,Hotel,Motel Torre Negra,3 Estrellas,Calle 6 284,Agrícola Pantitlán,Iztacalco,8100
518,Hotel,Auto Hotel Super Star,3 Estrellas,Norte 140,Agrícola Pantitlán,Iztacalco,8100
519,Hotel,Hotel Camino Plaza,4 Estrellas,Calzada Ermita Iztapalapa 3419,Santa María Aztahuacan,Iztapalapa,9500
520,Hotel,Hotel San Fernando,1 Estrella,San Fernando 36,Guerrero,Cuauhtémoc,6300
521,Hotel,Hotel Pigal,3 Estrellas,Aldama 28,Buenavista,Cuauhtémoc,6350
522,Hotel,Hotel Valencia,Sin Clasificar,Mar Negro 24,Tacuba,Miguel Hidalgo,11410
523,Hotel,Paraiso del Sur Villas & Suites,3 Estrellas,Carretera federal a Cuernavaca 5109,Chimalcoyotl,Tlalpan,14630
524,Hotel,Hotel Las Glorias,1 Estrella,Mar Mediterráneo 76,Tacuba,Miguel Hidalgo,11410
525,Hotel,Hotel Balmis,Sin Clasificar,Doctor Balmis 21,Doctores,Cuauhtémoc,6720
526,Hotel,Hotel Del Norte,1 Estrella,Avenida Canal del Norte 13,Morelos,Cuauhtémoc,6200
527,Hotel,Hotel Zaragoza,2 Estrellas,Zaragoza 256,Guerrero,Cuauhtémoc,6300
528,Hotel,Gran Hotel La Paz,2 Estrellas,Mina 141,Guerrero,Cuauhtémoc,6300
529,Hotel,Hotel Jerez,Sin Clasificar,Adolfo Gurrión 96,Merced Balbuena,Venustiano Carranza,15810
530,Hotel,Hotel Corona,1 Estrella,Calzada General Mariano Escobedo  65 B,Popotla,Miguel Hidalgo,11400
531,Hotel,Hotel Bolivia,2 Estrellas,República de Bolivia 23,Centro (Área 3),Cuauhtémoc,6020
532,Hotel,Hotel San Lázaro,2 Estrellas,Avenida Congreso de la Unión 480,Jamaica,Venustiano Carranza,15800
533,Hotel,Hotel Ancona,1 Estrella,Eligio Ancona 226,Santa María la Ribera,Cuauhtémoc,6400
534,Hotel,Hotel La Toja,1 Estrella,Libertad 60 A,Peralvillo,Cuauhtémoc,6220
535,Hotel,Santa Fe Hotel,2 Estrellas,Carretera Federal MéxicoToluca kilometro 13.2  1285,Lomas Altas de Santa Fe,Álvaro Obregón,1219
536,Hotel,Hotel Héroes,3 Estrellas,Héroes 207,Guerrero,Cuauhtémoc,6300
537,Hotel,Centra2 Hotel,3 Estrellas,Ernesto Pugibet 48,Centro (Área 7),Cuauhtémoc,6070
538,Hotel,Hotel Antenas,3 Estrellas,Avenida Constitución de la República 182,Providencia,Gustavo A. Madero,7550
539,Hotel,Hotel Park Villa,4 Estrellas,General Gómez Pedraza 68,San Miguel Chapultepec I sección,Miguel Hidalgo,11850
540,Hotel,Hotel Pensil,1 Estrella,Lago Bolsena 21,Anáhuac,Miguel Hidalgo,11320
541,Hotel,Hotel Madero,1 Estrella,Fray Juan de Zumárraga 127,Villa Gustavo A. Madero,Gustavo A. Madero,7050
542,Hotel,Hotel Bellini,2 Estrellas,Bellini 1,Peralvillo,Cuauhtémoc,6220
543,Hotel,Hotel Miguel Ángel,3 Estrellas,Doctor Valenzuela 8,Doctores,Cuauhtémoc,6720
544,Hotel,Hotel Andrade,4 Estrellas,Doctor Andrade 69,Doctores,Cuauhtémoc,6720
545,Hotel,Hotel Soledad,Sin Clasificar,Callejón Lecheras 26,Centro (Área 6),Cuauhtémoc,6060
546,Hotel,Hotel Cies,2 Estrellas,Avenida Melchor Ocampo 304,Cuauhtémoc,Cuauhtémoc,6500
547,Hotel,Hotel Suido,3 Estrellas,Avenida Insurgentes Norte 751,San Simón Tolnahuac,Cuauhtémoc,6920
548,Hotel,Hotel Atoyac,1 Estrella,Guerrero 161,Guerrero,Cuauhtémoc,6300
549,Hotel,Hotel Juárez,2 Estrellas,Primer callejón de 5 de Mayo 17,Centro (Área 1),Cuauhtémoc,6000
550,Hotel,Hotel Villa Del Mar,1 Estrella,Prolongación Juventino Rosas 8,Ex-Hipódromo de Peralvillo,Cuauhtémoc,6250
551,Hotel,Hotel Consulado,2 Estrellas,Avenida Melchor Ocampo 23,Anáhuac,Miguel Hidalgo,11320
552,Hotel,Hotel Templo Mayor,4 Estrellas,Del Carmen 26,Centro (Área 2),Cuauhtémoc,6010
553,Hotel,Hotel Nayarit,2 Estrellas,Platino 25,Maza,Cuauhtémoc,6270
554,Hotel,Hotel Valencia,1 Estrella,República de Guatemala 73,Centro (Área 6),Cuauhtémoc,6060
555,Hotel,Hotel Siesta del Sur,4 Estrellas,Avenida Tláhuac 5393,Los Olivos,Tláhuac,13210
556,Hotel,Hotel Harare,4 Estrellas,Calzada de Tlalpan 877,Josefa Ortiz de Domínguez,Benito Juárez,3430
557,Hotel,Hotel Lavanda,2 Estrellas,Avenida Insurgentes Norte 1700,Lindavista,Gustavo A. Madero,7760
558,Hotel,Hotel Escorial,1 Estrella,Callejón del Hormiguero 4,Centro (Área 9),Cuauhtémoc,6090
559,Hotel,Hotel Recreo,1 Estrella,Callejón del Hormiguero 12,Centro (Área 9),Cuauhtémoc,6090
560,Hotel,Hotel Central,1 Estrella,Eje Mosqueta 248,Buenavista,Cuauhtémoc,6350
561,Hotel,Hotel Río,1 Estrella,Isabel la Católica 304,Obrera,Cuauhtémoc,6800
562,Hotel,Hotel Catalina,3 Estrellas,Doctor Lavista 21,Doctores,Cuauhtémoc,6720
563,Hotel,Hotel Ampudia,2 Estrellas,Anillo de Circunvalación 619,Centro (Área 3),Cuauhtémoc,6020
564,Hotel,Hotel Aviación,1 Estrella,Avenida Iztlaccihuatl 109,Moctezuma,Venustiano Carranza,15500
565,Hotel,Hotel Cadena,Sin Clasificar,Lucas Alamán 73,Obrera,Cuauhtémoc,6800
566,Hotel,Hotel Bugambilias,1 Estrella,Calzada Ignacio Zaragoza 1316,Juan Escutia,Iztapalapa,9100
567,Hotel,Hotel Florida,2 Estrellas,Belisario Domínguez 57,Centro (Área 2),Cuauhtémoc,6010
568,Hotel,Hotel Plaza Belices,4 Estrellas,Antonio Caso 207,San Rafael,Cuauhtémoc,6470
569,Hotel,Hotel Ticomán Plaza,3 Estrellas,Avenida Ticomán 3461,Santa María Ticomán,Gustavo A. Madero,7330
570,Hotel,Hotel Villas Coloniales,3 Estrellas,Calzada Camarones 575,Santa María Malinalco,Azcapotzalco,2050
571,Hotel,Hotel Norte,3 Estrellas,Zaragoza 155,Guerrero,Cuauhtémoc,6300
572,Hotel,Hotel Las Américas,2 Estrellas,Joaquín Arriaga 91,Obrera,Cuauhtémoc,6800
573,Hotel,Flowsuites WTC,4 Estrellas,Avenida del Parque 24,Nápoles,Benito Juárez,3810
574,Hotel,Hotel Panorama,3 Estrellas,Platino 20,Valle Gómez,Cuauhtémoc,6240
575,Hotel,Hotel Escandón by Kali,4 Estrellas,José Martí 178,Escandón I sección,Miguel Hidalgo,11800
576,Hotel,Hotel Fiesta Inn Periférico Sur,5 Estrellas,Periférico Sur 5530,Pedregal de Carrasco,Coyoacán,4700
577,Hotel,Hotel Prado Floresta,2 Estrellas,Doctor Valenzuela 51,Doctores,Cuauhtémoc,6720
578,Hotel,Hotel Caban,4 Estrellas,Guadalupe I. Ramírez 578,Tierra Nueva,Xochimilco,16050
579,Hotel,Hotel Corona Real,3 Estrellas,Avenida Extremadura 192,Insurgentes Mixcoac,Benito Juárez,3920
580,Hotel,Holiday Inn Express Hotel & Suites at The WTC,4 Estrellas,Dakota 95,Nápoles,Benito Juárez,3810
581,Hotel,Hotel Four Points by Sheraton México City,5 Estrellas,Avenida Álvaro Obregón 38,Roma Norte,Cuauhtémoc,6700
582,Hotel,City Express EBC Reforma,4 Estrellas,Havre 21,Juárez,Cuauhtémoc,6600
583,Hotel,Camino Real Santa Fe,5 Estrellas,Guillermo González Camarena 300,Santa Fe,Álvaro Obregón,1210
584,Hotel,Hostel Condesa Chapultepec,Sin Clasificar,Cozumel 53-A,Roma Norte,Cuauhtémoc,6700
585,Hotel,Hampton Inn & Suites By Hilton Ciudad de México Centro Histórico,5 Estrellas,5 de Febrero 24,Centro (Área 6),Cuauhtémoc,6060
586,Hotel,Hotel Novit,5 Estrellas,Avenida Insurgentes Sur 635,Nápoles,Benito Juárez,3810
587,Hotel,Holiday Inn & Suites México Médica Sur,5 Estrellas,Puente de Piedra 150,Toriello Guerra,Tlalpan,14050
588,Hotel,NH Collection México City Airport T2,5 Estrellas,Avenida Capitán Carlos León sin número,Zona Federal,Venustiano Carranza,15620
589,Hotel,Hotel Room Mate Valentina,4 Estrellas,Amberes 27,Juárez,Cuauhtémoc,6600
590,Hotel,One Ciudad de México Patriotismo,3 Estrellas,Avenida Patriotismo 229,San Pedro de los Pinos,Benito Juárez,3800
591,Hotel,Casa Comtesse,Sin Clasificar,Benjamín Franklin 197,Hipódromo Condesa,Cuauhtémoc,6140
592,Hotel,Hotel La Casa de la Luna,3 Estrellas,Simón Bolívar 57,Centro (Área 1),Cuauhtémoc,6000
593,Hotel,Comfort Inn Santa Fe Bosques,4 Estrellas,Paseo de la Reforma 557,Paseo de las Lomas,Álvaro Obregón,1330
594,Hotel,Suites Masliah,5 Estrellas,Ludovico Ariosto 16,Polanco V sección,Miguel Hidalgo,11560
595,Hotel,Hilton México City Santa Fe,5 Estrellas,Antonio Dovali Jaime 70,Lomas de Santa Fe,Álvaro Obregón,1219
596,Hotel,Ibis Styles México Zona Rosa,3 Estrellas,Liverpool 115 A,Juárez,Cuauhtémoc,6600
597,Hotel,Hotel Tryp World Trade Center,4 Estrellas,Viaducto Miguel Alemán 14,Nápoles,Benito Juárez,3810
598,Hotel,Suites Extasis S.A. de C.V.,2 Estrellas,Avenida Xochimilco 211,Agrícola Pantitlán,Iztacalco,8100
599,Hotel,Motel Tentación S.A. de C.V.,2 Estrellas,Guelatao 80,Santa María Aztahuacan,Iztapalapa,9500
600,Hotel,Ibis México Alameda,3 Estrellas,Balderas 49,Centro (Área 5),Cuauhtémoc,6050
601,Hotel,St. Isidro Corporate Housing,5 Estrellas,San Isidro 63,Reforma Social,Miguel Hidalgo,11650
602,Hotel,Las Suites Polanco,5 Estrellas,Campos Elíseos 470,Polanco V sección,Miguel Hidalgo,11560
603,Hotel,Holiday Inn Express México Reforma,5 Estrellas,Avenida Paseo de la Reforma 208,Juárez,Cuauhtémoc,6600
604,Hotel,Hotel Presidente Inter-Continental Santa Fe,5 Estrellas,Juan Salvador Agraz 97,Santa Fe Cuajimalpa,Cuajimalpa de Morelos,5348
605,Hotel,Live Aqua Mexico City & Spa,5 Estrellas,Avenida Paseo de los Tamarindos 98,Bosques de las Lomas,Cuajimalpa de Morelos,5120
606,Hotel,Hotel Viaducto,4 Estrellas,Calle 1° de Mayo 4,La Cruz,Iztacalco,8310
607,Hotel,City Express Plus Insurgentes Sur,4 Estrellas,Avenida Insurgentes Sur 1581,San José Insurgentes,Benito Juárez,3900
608,Hotel,Suites Ganges,4 Estrellas,Río Ganges 32,Cuauhtémoc,Cuauhtémoc,6500
609,Hotel,Wyndham Garden Residences México City,4 Estrellas,Río Ebro 84,Cuauhtémoc,Cuauhtémoc,6500
610,Hotel,City Express Plus Santa Fe,4 Estrellas,Juan Salvador Agraz 71,Santa Fe Cuajimalpa,Cuajimalpa de Morelos,5348
611,Hotel,Hotel Exe Cities Reforma,4 Estrellas,Roma 40,Juárez,Cuauhtémoc,6000
612,Hotel,City Express La Raza,4 Estrellas,Calzada Vallejo 296,San Francisco Xocotitla,Azcapotzalco,2960
613,Hotel,City Express Plus Patio Universidad,4 Estrellas,Avenida Popocatépetl 546,Xoco,Benito Juárez,3300
614,Hotel,Hotel Marlowe,3 Estrellas,Avenida Independencia 17,Centro (Área 5),Cuauhtémoc,6050
615,Hotel,Hotel Fiesta Americana Grand Chapultepec,5 Estrellas,Calzada General Mariano Escobedo 756,Anzures,Miguel Hidalgo,11590
616,Hotel,Hotel Courtyard by Marriott Revolución,5 Estrellas,Avenida Revolución 333,Tacubaya,Miguel Hidalgo,11870
617,Hotel,Holiday Inn México Dalí Aeropuerto,5 Estrellas,Viaducto Río de la Piedad 260,Pueblo de la Magdalena Mixihuca,Venustiano Carranza,15860
618,Hotel,Hotel Royal Pedregal,5 Estrellas,Avenida Periférico Sur 4363,Jardines en la Montaña,Tlalpan,14210
619,Hotel,Hotel Presidente Inter-Continental Mexico City,5 Estrellas,Campos Elíseos 218,Polanco V sección,Miguel Hidalgo,11560
620,Hotel,Hotel Habita,5 Estrellas,Avenida Presidente Masaryk  201,Polanco V sección,Miguel Hidalgo,11560
621,Hotel,Crowne Plaza Hotel de México,5 Estrellas,Dakota 95,Nápoles,Benito Juárez,3810
622,Hotel,The St. Regis México City,5 Estrellas,Paseo de la Reforma 439,Cuauhtémoc,Cuauhtémoc,6500
623,Hotel,Hotel Las Alcobas,5 Estrellas,Avenida Presidente Masaryk 390,Polanco V sección,Miguel Hidalgo,11560
624,Hotel,Anys Hostal y Cafetería,Sin Clasificar,Puebla 203,Roma Norte,Cuauhtémoc,6700
625,Hotel,One Ciudad de México La Raza,3 Estrellas,Circuito Interior Avenida Río Consulado 130,Santa María Insurgentes,Cuauhtémoc,6430
626,Hotel,Sleep Inn Ciudad de México,5 Estrellas,Carretera México - Toluca 5454,El Yaqui,Cuajimalpa de Morelos,5320
627,Hotel,Casa Pepe Hostal Boutique,Sin Clasificar,República de Uruguay 86,Centro Histórico,Cuauhtémoc,6000
628,Hotel,Fiesta Americana Viaducto Aeropuerto,5 Estrellas,Avenida Viad. Río de la Piedad 515,Granjas México,Iztacalco,8400
629,,Hostal Mexiqui,Sin Clasificar,República de Guatemala 30,Centro Histórico,Cuauhtémoc,6020
630,,Círculo Condesa Hotel,4 Estrellas,Ometusco 7,Hipódromo,Cuauhtémoc,6170