Delegación,semana,año,medicion
Miguel Hidalgo,18,2016,7.98
Gustavo A. Madero,18,2016,3.07
Tlalpan,18,2016,6.6
Cuauhtémoc,18,2016,5.53
Tlalnepantla,18,2016,20.42
Ecatepec,18,2016,19.96
Cuajimalpa,18,2016,18.27
Miguel Hidalgo,18,2016,9.52
Tlalpan,18,2016,3.07
Tlalpan,18,2016,15.96
Milpa Alta,18,2016,0.52
Magdalena Contreras,18,2016,12.28
Gustavo A. Madero,18,2016,1.07
Miguel Hidalgo,19,2016,41.45
Gustavo A. Madero,19,2016,18.27
Cuauhtémoc,19,2016,14.28
Tlalnepantla,19,2016,2.61
Ecatepec,19,2016,37.92
Cuajimalpa,19,2016,19.96
Miguel Hidalgo,19,2016,9.82
Nezahualcóyotl,19,2016,15.66
Tlalpan,19,2016,8.75
Tlalpan,19,2016,39.91
Milpa Alta,19,2016,6.45
Magdalena Contreras,19,2016,14.89
Xochimilco,19,2016,3.07
Gustavo A. Madero,19,2016,25.33
Miguel Hidalgo,20,2016,5.07
Gustavo A. Madero,20,2016,3.38
Cuauhtémoc,20,2016,4.45
Tlalnepantla,20,2016,13.36
Ecatepec,20,2016,12.74
Cuajimalpa,20,2016,29.17
Miguel Hidalgo,20,2016,21.03
Nezahualcóyotl,20,2016,6.45
Texcoco,20,2016,18.42
Tlalpan,20,2016,1.84
Tlalpan,20,2016,73.07
Milpa Alta,20,2016,12.59
Magdalena Contreras,20,2016,1
Xochimilco,20,2016,16.43
Miguel Hidalgo,21,2016,15.04
Gustavo A. Madero,21,2016,43.75
Tlalpan,21,2016,25.17
Cuauhtémoc,21,2016,36.38
Tlalnepantla,21,2016,31.62
Ecatepec,21,2016,63.24
Cuajimalpa,21,2016,7.21
Miguel Hidalgo,21,2016,26.1
Nezahualcóyotl,21,2016,33.16
Texcoco,21,2016,29.47
Tlalpan,21,2016,25.48
Tlalpan,21,2016,11.51
Milpa Alta,21,2016,7.98
Magdalena Contreras,21,2016,38.38
Xochimilco,21,2016,24.87
Gustavo A. Madero,21,2016,67.08
Miguel Hidalgo,22,2016,20.57
Gustavo A. Madero,22,2016,57.72
Tlalpan,22,2016,33.31
Cuauhtémoc,22,2016,33
Tlalnepantla,22,2016,10.75
Ecatepec,22,2016,38.38
Cuajimalpa,22,2016,37.92
Miguel Hidalgo,22,2016,27.02
Nezahualcóyotl,22,2016,114.52
Texcoco,22,2016,57.56
Tlalpan,22,2016,35.31
Tlalpan,22,2016,17.81
Milpa Alta,22,2016,27.94
Magdalena Contreras,22,2016,27.63
Xochimilco,22,2016,57.1
Gustavo A. Madero,22,2016,53.11
Gustavo A. Madero,23,2016,33.77
Tlalpan,23,2016,15.66
Cuauhtémoc,23,2016,32.54
Tlalnepantla,23,2016,30.7
Ecatepec,23,2016,13.51
Miguel Hidalgo,23,2016,23.33
Nezahualcóyotl,23,2016,16.89
Texcoco,23,2016,29.78
Tlalpan,23,2016,31.62
Tlalpan,23,2016,81.67
Milpa Alta,23,2016,31.01
Magdalena Contreras,23,2016,71.53
Xochimilco,23,2016,27.94
Gustavo A. Madero,23,2016,11.97
Gustavo A. Madero,24,2016,7.06
Tlalpan,24,2016,26.4
Cuauhtémoc,24,2016,11.67
Tlalnepantla,24,2016,19.03
Ecatepec,24,2016,4.91
Miguel Hidalgo,24,2016,16.27
Texcoco,24,2016,7.68
Tlalpan,24,2016,49.43
Tlalpan,24,2016,67.54
Milpa Alta,24,2016,15.04
Magdalena Contreras,24,2016,135.7
Xochimilco,24,2016,16.89
Miguel Hidalgo,25,2016,46.36
Gustavo A. Madero,25,2016,46.67
Tlalpan,25,2016,43.29
Cuauhtémoc,25,2016,52.81
Tlalnepantla,25,2016,43.6
Ecatepec,25,2016,24.87
Cuajimalpa,25,2016,132.63
Miguel Hidalgo,25,2016,58.03
Nezahualcóyotl,25,2016,20.26
Texcoco,25,2016,35.31
Tlalpan,25,2016,80.44
Tlalpan,25,2016,62.02
Milpa Alta,25,2016,37.46
Magdalena Contreras,25,2016,70.92
Xochimilco,25,2016,35.61
Gustavo A. Madero,25,2016,45.13
Miguel Hidalgo,26,2016,123.11
Gustavo A. Madero,26,2016,40.53
Tlalpan,26,2016,81.36
Cuauhtémoc,26,2016,58.03
Tlalnepantla,26,2016,45.74
Ecatepec,26,2016,134.78
Miguel Hidalgo,26,2016,63.24
Nezahualcóyotl,26,2016,40.22
Texcoco,26,2016,39.3
Tlalpan,26,2016,83.2
Xochimilco,26,2016,31.62
Gustavo A. Madero,26,2016,36.84
Miguel Hidalgo,27,2016,42.37
Gustavo A. Madero,27,2016,29.78
Tlalpan,27,2016,2.76
Cuauhtémoc,27,2016,37.76
Tlalnepantla,27,2016,50.96
Ecatepec,27,2016,12.59
Miguel Hidalgo,27,2016,37.15
Nezahualcóyotl,27,2016,13.51
Texcoco,27,2016,12.28
Tlalpan,27,2016,17.19
Xochimilco,27,2016,14.12
Gustavo A. Madero,27,2016,18.42
Miguel Hidalgo,28,2016,50.35
Gustavo A. Madero,28,2016,19.96
Tlalpan,28,2016,64.78
Cuauhtémoc,28,2016,46.67
Tlalnepantla,28,2016,9.52
Ecatepec,28,2016,17.81
Cuajimalpa,28,2016,180.83
Miguel Hidalgo,28,2016,26.71
Nezahualcóyotl,28,2016,9.82
Texcoco,28,2016,11.05
Tlalpan,28,2016,85.35
Tlalpan,28,2016,65.39
Magdalena Contreras,28,2016,113.29
Xochimilco,28,2016,18.11
Gustavo A. Madero,28,2016,27.94
Miguel Hidalgo,29,2016,72.15
Gustavo A. Madero,29,2016,25.48
Tlalpan,29,2016,33
Cuauhtémoc,29,2016,58.95
Tlalnepantla,29,2016,112.98
Ecatepec,29,2016,16.89
Cuajimalpa,29,2016,40.22
Miguel Hidalgo,29,2016,73.38
Nezahualcóyotl,29,2016,37.92
Texcoco,29,2016,31.62
Tlalpan,29,2016,27.94
Tlalpan,29,2016,83.51
Magdalena Contreras,29,2016,39.91
Xochimilco,29,2016,68.16
Gustavo A. Madero,29,2016,33.77
Miguel Hidalgo,30,2016,66.31
Gustavo A. Madero,30,2016,51.73
Tlalpan,30,2016,47.89
Cuauhtémoc,30,2016,15.04
Tlalnepantla,30,2016,24.56
Ecatepec,30,2016,17.5
Cuajimalpa,30,2016,89.03
Miguel Hidalgo,30,2016,39.45
Nezahualcóyotl,30,2016,21.18
Texcoco,30,2016,35
Tlalpan,30,2016,54.96
Tlalpan,30,2016,70.15
Magdalena Contreras,30,2016,42.21
Xochimilco,30,2016,29.47
Gustavo A. Madero,30,2016,70.92
Miguel Hidalgo,31,2016,70
Gustavo A. Madero,31,2016,13.2
Tlalpan,31,2016,41.75
Cuauhtémoc,31,2016,24.25
Tlalnepantla,31,2016,22.72
Ecatepec,31,2016,5.53
Cuajimalpa,31,2016,93.95
Miguel Hidalgo,31,2016,26.1
Nezahualcóyotl,31,2016,24.56
Texcoco,31,2016,42.06
Tlalpan,31,2016,52.81
Tlalpan,31,2016,77.06
Milpa Alta,31,2016,34.85
Magdalena Contreras,31,2016,55.88
Xochimilco,31,2016,19.96
Gustavo A. Madero,31,2016,15.66
Miguel Hidalgo,32,2016,28.25
Gustavo A. Madero,32,2016,18.11
Tlalpan,32,2016,20.26
Cuauhtémoc,32,2016,7.98
Tlalnepantla,32,2016,16.27
Ecatepec,32,2016,31.93
Cuajimalpa,32,2016,38.68
Miguel Hidalgo,32,2016,20.26
Nezahualcóyotl,32,2016,22.72
Texcoco,32,2016,7.68
Tlalpan,32,2016,28.55
Tlalpan,32,2016,43.29
Milpa Alta,32,2016,22.72
Magdalena Contreras,32,2016,78.29
Xochimilco,32,2016,5.53
Gustavo A. Madero,32,2016,13.82
Miguel Hidalgo,33,2016,63.24
Gustavo A. Madero,33,2016,22.72
Tlalpan,33,2016,26.4
Cuauhtémoc,33,2016,32.24
Tlalnepantla,33,2016,62.94
Ecatepec,33,2016,28.25
Cuajimalpa,33,2016,62.63
Miguel Hidalgo,33,2016,107.76
Tlalpan,33,2016,15.35
Tlalpan,33,2016,27.02
Milpa Alta,33,2016,18.42
Magdalena Contreras,33,2016,37.15
Xochimilco,33,2016,11.05
Gustavo A. Madero,33,2016,16.12
Miguel Hidalgo,34,2016,33.46
Gustavo A. Madero,34,2016,100.39
Tlalpan,34,2016,37.46
Cuauhtémoc,34,2016,65.39
Tlalnepantla,34,2016,7.06
Ecatepec,34,2016,92.72
Cuajimalpa,34,2016,16.27
Miguel Hidalgo,34,2016,12.28
Tlalpan,34,2016,38.38
Tlalpan,34,2016,48.51
Milpa Alta,34,2016,10.75
Magdalena Contreras,34,2016,50.35
Xochimilco,34,2016,46.05
Gustavo A. Madero,34,2016,77.37
Miguel Hidalgo,35,2016,26.71
Gustavo A. Madero,35,2016,9.52
Tlalpan,35,2016,31.62
Cuauhtémoc,35,2016,2.61
Tlalnepantla,35,2016,22.72
Ecatepec,35,2016,8.6
Cuajimalpa,35,2016,109.91
Miguel Hidalgo,35,2016,1.54
Texcoco,35,2016,23.33
Tlalpan,35,2016,89.65
Tlalpan,35,2016,70.31
Milpa Alta,35,2016,23.03
Magdalena Contreras,35,2016,97.94
Xochimilco,35,2016,10.13
Gustavo A. Madero,35,2016,7.98
Miguel Hidalgo,36,2016,7.98
Tlalpan,36,2016,6.14
Cuauhtémoc,36,2016,28.25
Tlalnepantla,36,2016,2.15
Cuajimalpa,36,2016,13.2
Miguel Hidalgo,36,2016,11.67
Tlalpan,36,2016,3.99
Tlalpan,36,2016,4.61
Magdalena Contreras,36,2016,19.34
Miguel Hidalgo,37,2016,48.2
Tlalpan,37,2016,50.96
Cuauhtémoc,37,2016,7.06
Tlalnepantla,37,2016,27.02
Cuajimalpa,37,2016,103.46
Nezahualcóyotl,37,2016,11.97
Texcoco,37,2016,0.92
Tlalpan,37,2016,70.92
Tlalpan,37,2016,53.42
Milpa Alta,37,2016,16.58
Magdalena Contreras,37,2016,75.22
Miguel Hidalgo,38,2016,62.63
Gustavo A. Madero,38,2016,25.17
Tlalpan,38,2016,71.53
Cuauhtémoc,38,2016,23.95
Tlalnepantla,38,2016,62.02
Ecatepec,38,2016,21.8
Cuajimalpa,38,2016,71.84
Miguel Hidalgo,38,2016,21.49
Nezahualcóyotl,38,2016,53.11
Texcoco,38,2016,21.49
Tlalpan,38,2016,81.67
Tlalpan,38,2016,73.68
Milpa Alta,38,2016,29.17
Magdalena Contreras,38,2016,75.83
Xochimilco,38,2016,59.56
Gustavo A. Madero,38,2016,42.67
Miguel Hidalgo,39,2016,6.45
Gustavo A. Madero,39,2016,41.45
Tlalpan,39,2016,17.19
Cuauhtémoc,39,2016,55.57
Tlalnepantla,39,2016,3.99
Ecatepec,39,2016,34.39
Cuajimalpa,39,2016,26.71
Nezahualcóyotl,39,2016,42.98
Texcoco,39,2016,19.65
Tlalpan,39,2016,22.1
Tlalpan,39,2016,58.64
Milpa Alta,39,2016,24.56
Magdalena Contreras,39,2016,58.03
Xochimilco,39,2016,1
Gustavo A. Madero,39,2016,29.78
Miguel Hidalgo,40,2016,21.49
Tlalpan,40,2016,2.76
Cuauhtémoc,40,2016,0.92
Tlalnepantla,40,2016,3.07
Ecatepec,40,2016,0.54
Cuajimalpa,40,2016,23.64
Tlalpan,40,2016,18.73
Tlalpan,40,2016,7.06
Milpa Alta,40,2016,0.49
Magdalena Contreras,40,2016,19.34
Tlalpan,41,2016,15.35
Cuauhtémoc,41,2016,14.74
Nezahualcóyotl,41,2016,0.57
Tlalpan,41,2016,9.98
Tlalpan,41,2016,31.93
Milpa Alta,41,2016,8.29
Magdalena Contreras,41,2016,10.44
Xochimilco,41,2016,14.43
Tlalnepantla,42,2016,0.49
Ecatepec,42,2016,0.51
Nezahualcóyotl,42,2016,16.58
Texcoco,42,2016,0.46
Tlalpan,42,2016,0.57
Tlalpan,42,2016,44.36
Milpa Alta,42,2016,13.82
Xochimilco,42,2016,0.52
Miguel Hidalgo,43,2016,0.54
Tlalpan,43,2016,0.49
Tlalnepantla,43,2016,10.44
Ecatepec,43,2016,0.46
Cuajimalpa,43,2016,0.58
Tlalpan,43,2016,5.83
Tlalpan,43,2016,0.52
Milpa Alta,43,2016,0.57
Xochimilco,43,2016,0.49
Gustavo A. Madero,43,2016,8.6
Miguel Hidalgo,19,2012,3.38
Gustavo A. Madero,19,2012,10.13
Tlalpan,19,2012,9.82
Cuauhtémoc,19,2012,8.75
Tlalnepantla,19,2012,23.95
Ecatepec,19,2012,1.07
Cuajimalpa,19,2012,6.91
Miguel Hidalgo,19,2012,4.91
Nezahualcóyotl,19,2012,6.14
Texcoco,19,2012,12.43
Tlalpan,19,2012,7.98
Tlalpan,19,2012,22.57
Milpa Alta,19,2012,9.06
Magdalena Contreras,19,2012,7.06
Xochimilco,19,2012,12.13
Gustavo A. Madero,19,2012,5.22
Gustavo A. Madero,20,2012,7.52
Tlalpan,20,2012,1.69
Cuauhtémoc,20,2012,9.82
Ecatepec,20,2012,8.6
Nezahualcóyotl,20,2012,17.65
Texcoco,20,2012,13.66
Tlalpan,20,2012,8.14
Tlalpan,20,2012,2.76
Milpa Alta,20,2012,10.59
Xochimilco,20,2012,8.6
Gustavo A. Madero,20,2012,5.37
Gustavo A. Madero,21,2012,0.54
Cuauhtémoc,21,2012,1.46
Tlalnepantla,21,2012,0.31
Cuajimalpa,21,2012,1.54
Texcoco,21,2012,0.66
Gustavo A. Madero,21,2012,4.76
Miguel Hidalgo,22,2012,12.28
Gustavo A. Madero,22,2012,15.35
Tlalpan,22,2012,19.5
Cuauhtémoc,22,2012,15.66
Tlalnepantla,22,2012,12.13
Ecatepec,22,2012,6.91
Cuajimalpa,22,2012,38.07
Miguel Hidalgo,22,2012,23.49
Nezahualcóyotl,22,2012,10.9
Texcoco,22,2012,17.35
Tlalpan,22,2012,31.16
Tlalpan,22,2012,15.5
Milpa Alta,22,2012,11.97
Magdalena Contreras,22,2012,52.04
Xochimilco,22,2012,10.13
Gustavo A. Madero,22,2012,13.97
Miguel Hidalgo,23,2012,4.14
Gustavo A. Madero,23,2012,1.84
Tlalpan,23,2012,9.67
Cuauhtémoc,23,2012,0.58
Tlalnepantla,23,2012,1.07
Ecatepec,23,2012,1
Cuajimalpa,23,2012,17.19
Miguel Hidalgo,23,2012,5.22
Nezahualcóyotl,23,2012,0.31
Texcoco,23,2012,2.95
Tlalpan,23,2012,13.97
Tlalpan,23,2012,17.35
Milpa Alta,23,2012,0.78
Magdalena Contreras,23,2012,2.61
Xochimilco,23,2012,0.95
Gustavo A. Madero,23,2012,2.73
Miguel Hidalgo,24,2012,26.56
Gustavo A. Madero,24,2012,33.31
Tlalpan,24,2012,33.92
Cuauhtémoc,24,2012,20.26
Tlalnepantla,24,2012,66.01
Ecatepec,24,2012,25.94
Cuajimalpa,24,2012,105.15
Miguel Hidalgo,24,2012,18.27
Nezahualcóyotl,24,2012,10.28
Texcoco,24,2012,27.02
Tlalpan,24,2012,52.65
Tlalpan,24,2012,118.97
Milpa Alta,24,2012,52.19
Magdalena Contreras,24,2012,68.31
Xochimilco,24,2012,32.08
Gustavo A. Madero,24,2012,23.33
Miguel Hidalgo,25,2012,44.82
Gustavo A. Madero,25,2012,48.51
Tlalpan,25,2012,38.68
Cuauhtémoc,25,2012,105.15
Tlalnepantla,25,2012,21.95
Ecatepec,25,2012,41.29
Cuajimalpa,25,2012,110.52
Miguel Hidalgo,25,2012,52.5
Nezahualcóyotl,25,2012,72.76
Texcoco,25,2012,40.53
Tlalpan,25,2012,57.56
Tlalpan,25,2012,34.54
Milpa Alta,25,2012,46.21
Magdalena Contreras,25,2012,39.6
Xochimilco,25,2012,101.47
Gustavo A. Madero,25,2012,51.27
Miguel Hidalgo,26,2012,89.03
Gustavo A. Madero,26,2012,19.65
Tlalpan,26,2012,58.03
Cuauhtémoc,26,2012,77.67
Tlalnepantla,26,2012,86.58
Ecatepec,26,2012,33.46
Cuajimalpa,26,2012,67.7
Miguel Hidalgo,26,2012,45.74
Nezahualcóyotl,26,2012,12.59
Texcoco,26,2012,23.79
Tlalpan,26,2012,79.06
Tlalpan,26,2012,29.17
Milpa Alta,26,2012,34.69
Magdalena Contreras,26,2012,82.59
Xochimilco,26,2012,17.81
Gustavo A. Madero,26,2012,32.85
Miguel Hidalgo,27,2012,87.5
Gustavo A. Madero,27,2012,33.46
Tlalpan,27,2012,40.99
Cuauhtémoc,27,2012,31.47
Tlalnepantla,27,2012,31.01
Ecatepec,27,2012,23.18
Cuajimalpa,27,2012,66.93
Miguel Hidalgo,27,2012,54.34
Nezahualcóyotl,27,2012,29.93
Texcoco,27,2012,3.07
Tlalpan,27,2012,45.59
Tlalpan,27,2012,64.78
Milpa Alta,27,2012,31.93
Magdalena Contreras,27,2012,58.79
Xochimilco,27,2012,57.72
Gustavo A. Madero,27,2012,57.72
Miguel Hidalgo,28,2012,47.43
Gustavo A. Madero,28,2012,60.17
Tlalpan,28,2012,62.32
Cuauhtémoc,28,2012,100.39
Tlalnepantla,28,2012,89.49
Ecatepec,28,2012,58.79
Cuajimalpa,28,2012,71.23
Miguel Hidalgo,28,2012,80.44
Nezahualcóyotl,28,2012,41.14
Texcoco,28,2012,41.75
Tlalpan,28,2012,62.78
Tlalpan,28,2012,81.36
Milpa Alta,28,2012,59.87
Magdalena Contreras,28,2012,84.12
Xochimilco,28,2012,24.56
Gustavo A. Madero,28,2012,65.39
Miguel Hidalgo,29,2012,15.66
Gustavo A. Madero,29,2012,55.57
Tlalpan,29,2012,31.01
Cuauhtémoc,29,2012,39.14
Tlalnepantla,29,2012,30.7
Ecatepec,29,2012,54.03
Cuajimalpa,29,2012,26.56
Miguel Hidalgo,29,2012,0.49
Nezahualcóyotl,29,2012,13.97
Texcoco,29,2012,24.41
Tlalpan,29,2012,44.36
Tlalpan,29,2012,85.04
Milpa Alta,29,2012,28.09
Magdalena Contreras,29,2012,24.1
Xochimilco,29,2012,37.15
Gustavo A. Madero,29,2012,39.6
Miguel Hidalgo,30,2012,20.72
Gustavo A. Madero,30,2012,57.56
Tlalpan,30,2012,31.93
Cuauhtémoc,30,2012,72.92
Tlalnepantla,30,2012,44.82
Ecatepec,30,2012,44.21
Cuajimalpa,30,2012,34.54
Miguel Hidalgo,30,2012,52.81
Texcoco,30,2012,9.82
Tlalpan,30,2012,57.26
Tlalpan,30,2012,47.13
Milpa Alta,30,2012,29.78
Magdalena Contreras,30,2012,24.71
Xochimilco,30,2012,17.19
Gustavo A. Madero,30,2012,31.93
Miguel Hidalgo,31,2012,22.41
Gustavo A. Madero,31,2012,8.29
Tlalpan,31,2012,16.89
Cuauhtémoc,31,2012,3.99
Tlalnepantla,31,2012,7.83
Ecatepec,31,2012,17.19
Cuajimalpa,31,2012,42.83
Miguel Hidalgo,31,2012,8.75
Texcoco,31,2012,17.5
Tlalpan,31,2012,10.44
Tlalpan,31,2012,11.05
Milpa Alta,31,2012,7.52
Magdalena Contreras,31,2012,3.07
Xochimilco,31,2012,11.51
Gustavo A. Madero,31,2012,13.2
Miguel Hidalgo,32,2012,46.67
Gustavo A. Madero,32,2012,41.91
Tlalpan,32,2012,46.36
Cuauhtémoc,32,2012,22.1
Tlalnepantla,32,2012,48.05
Ecatepec,32,2012,31.47
Cuajimalpa,32,2012,75.52
Miguel Hidalgo,32,2012,50.81
Nezahualcóyotl,32,2012,21.8
Texcoco,32,2012,41.75
Tlalpan,32,2012,40.22
Tlalpan,32,2012,73.07
Milpa Alta,32,2012,31.47
Magdalena Contreras,32,2012,58.95
Xochimilco,32,2012,29.01
Gustavo A. Madero,32,2012,29.17
Miguel Hidalgo,33,2012,33.46
Gustavo A. Madero,33,2012,10.44
Tlalpan,33,2012,71.53
Cuauhtémoc,33,2012,34.39
Tlalnepantla,33,2012,9.67
Ecatepec,33,2012,22.41
Cuajimalpa,33,2012,39.14
Miguel Hidalgo,33,2012,23.79
Nezahualcóyotl,33,2012,32.39
Texcoco,33,2012,11.36
Tlalpan,33,2012,94.41
Tlalpan,33,2012,16.27
Milpa Alta,33,2012,10.13
Magdalena Contreras,33,2012,53.27
Xochimilco,33,2012,18.88
Gustavo A. Madero,33,2012,12.59
Miguel Hidalgo,34,2012,32.7
Gustavo A. Madero,34,2012,57.41
Tlalpan,34,2012,108.99
Cuauhtémoc,34,2012,26.25
Tlalnepantla,34,2012,23.79
Ecatepec,34,2012,54.96
Cuajimalpa,34,2012,88.73
Miguel Hidalgo,34,2012,22.26
Nezahualcóyotl,34,2012,29.32
Texcoco,34,2012,49.43
Tlalpan,34,2012,133.24
Tlalpan,34,2012,54.34
Milpa Alta,34,2012,48.66
Magdalena Contreras,34,2012,85.66
Xochimilco,34,2012,17.5
Gustavo A. Madero,34,2012,38.53
Miguel Hidalgo,35,2012,8.9
Gustavo A. Madero,35,2012,4.91
Tlalpan,35,2012,16.27
Ecatepec,35,2012,1.07
Cuajimalpa,35,2012,38.07
Nezahualcóyotl,35,2012,0.31
Tlalpan,35,2012,20.88
Tlalpan,35,2012,11.05
Milpa Alta,35,2012,0.45
Magdalena Contreras,35,2012,26.1
Xochimilco,35,2012,4.14
Gustavo A. Madero,35,2012,3.53
Miguel Hidalgo,36,2012,12.59
Gustavo A. Madero,36,2012,8.14
Tlalpan,36,2012,31.16
Cuauhtémoc,36,2012,2.61
Tlalnepantla,36,2012,7.98
Ecatepec,36,2012,0.48
Cuajimalpa,36,2012,45.44
Miguel Hidalgo,36,2012,18.42
Nezahualcóyotl,36,2012,4.76
Texcoco,36,2012,2.46
Tlalpan,36,2012,40.99
Tlalpan,36,2012,21.03
Milpa Alta,36,2012,6.6
Xochimilco,36,2012,19.8
Gustavo A. Madero,36,2012,0.31
Miguel Hidalgo,37,2012,22.41
Gustavo A. Madero,37,2012,43.29
Tlalpan,37,2012,40.53
Cuauhtémoc,37,2012,69.08
Tlalnepantla,37,2012,17.96
Ecatepec,37,2012,17.96
Cuajimalpa,37,2012,38.07
Miguel Hidalgo,37,2012,22.1
Nezahualcóyotl,37,2012,31.32
Texcoco,37,2012,1.83
Tlalpan,37,2012,38.38
Tlalpan,37,2012,40.37
Milpa Alta,37,2012,27.02
Xochimilco,37,2012,37.15
Gustavo A. Madero,37,2012,43.14
Miguel Hidalgo,38,2012,8.29
Gustavo A. Madero,38,2012,10.59
Tlalpan,38,2012,8.6
Cuauhtémoc,38,2012,1
Tlalnepantla,38,2012,5.83
Ecatepec,38,2012,2.92
Cuajimalpa,38,2012,38.68
Miguel Hidalgo,38,2012,10.59
Nezahualcóyotl,38,2012,18.11
Texcoco,38,2012,15.5
Tlalpan,38,2012,13.66
Tlalpan,38,2012,17.04
Gustavo A. Madero,38,2012,2.15
Miguel Hidalgo,39,2012,7.98
Gustavo A. Madero,39,2012,28.09
Tlalpan,39,2012,23.18
Cuauhtémoc,39,2012,47.28
Tlalnepantla,39,2012,7.98
Ecatepec,39,2012,7.52
Cuajimalpa,39,2012,33.77
Miguel Hidalgo,39,2012,17.35
Nezahualcóyotl,39,2012,67.7
Texcoco,39,2012,17.65
Tlalpan,39,2012,33.31
Tlalpan,39,2012,44.82
Milpa Alta,39,2012,27.02
Xochimilco,39,2012,9.06
Gustavo A. Madero,39,2012,35.61
Miguel Hidalgo,40,2012,0.74
Tlalpan,40,2012,10.59
Tlalnepantla,40,2012,0.58
Cuajimalpa,40,2012,21.49
Miguel Hidalgo,40,2012,3.22
Nezahualcóyotl,40,2012,0.84
Tlalpan,40,2012,15.35
Tlalpan,40,2012,13.51
Milpa Alta,40,2012,3.07
Magdalena Contreras,40,2012,8.29
Xochimilco,40,2012,8.14
Gustavo A. Madero,41,2012,3.84
Tlalpan,41,2012,3.68
Cuauhtémoc,41,2012,8.44
Ecatepec,41,2012,11.51
Nezahualcóyotl,41,2012,7.06
Texcoco,41,2012,1.07
Tlalpan,41,2012,6.29
Tlalpan,41,2012,4.45
Milpa Alta,41,2012,11.05
Xochimilco,41,2012,23.03
Gustavo A. Madero,41,2012,2.3
Miguel Hidalgo,43,2012,0.94
Tlalpan,43,2012,2.15
Tlalpan,43,2012,2.15
Tlalpan,43,2012,3.38
Miguel Hidalgo,44,2012,14.58
Gustavo A. Madero,44,2012,2.15
Tlalpan,44,2012,11.36
Cuauhtémoc,44,2012,6.45
Tlalnepantla,44,2012,5.53
Ecatepec,44,2012,0.92
Cuajimalpa,44,2012,38.22
Miguel Hidalgo,44,2012,7.98
Nezahualcóyotl,44,2012,3.38
Texcoco,44,2012,2.3
Tlalpan,44,2012,23.79
Tlalpan,44,2012,12.28
Milpa Alta,44,2012,21.18
Xochimilco,44,2012,18.27
Gustavo A. Madero,44,2012,1.38
Miguel Hidalgo,17,2018,21.1
Gustavo A. Madero,17,2018,11.97
Tlalpan,17,2018,2
Cuauhtémoc,17,2018,41.9
Tlalnepantla,17,2018,4.5
Ecatepec,17,2018,7.9
Cuajimalpa,17,2018,24.7
Miguel Hidalgo,17,2018,24.6
Nezahualcóyotl,17,2018,21.3
Texcoco,17,2018,20.8
Tlalpan,17,2018,1
Tlalpan,17,2018,6.1
Milpa Alta,17,2018,16.9
Magdalena Contreras,17,2018,9
Xochimilco,17,2018,36
Gustavo A. Madero,17,2018,17.2
Miguel Hidalgo,18,2018,28.7
Gustavo A. Madero,18,2018,18.3
Tlalpan,18,2018,15
Cuauhtémoc,18,2018,38.1
Tlalnepantla,18,2018,1.2
Ecatepec,18,2018,20.8
Cuajimalpa,18,2018,6.9
Miguel Hidalgo,18,2018,15.2
Nezahualcóyotl,18,2018,49
Texcoco,18,2018,15.2
Tlalpan,18,2018,11.7
Tlalpan,18,2018,35.1
Milpa Alta,18,2018,32.7
Magdalena Contreras,18,2018,10.8
Xochimilco,18,2018,26.2
Gustavo A. Madero,18,2018,11.4
Miguel Hidalgo,27,2018,51.6
Gustavo A. Madero,27,2018,4.5
Tlalpan,27,2018,17
Cuauhtémoc,27,2018,1.5
Tlalnepantla,27,2018,52.6
Ecatepec,27,2018,6.4
Cuajimalpa,27,2018,17.5
Miguel Hidalgo,27,2018,26.9
Nezahualcóyotl,27,2018,8.7
Texcoco,27,2018,1.7
Tlalpan,27,2018,24.9
Tlalpan,27,2018,17.8
Milpa Alta,27,2018,0.3
Magdalena Contreras,27,2018,22.5
Xochimilco,27,2018,5.2
Gustavo A. Madero,27,2018,2.8
Miguel Hidalgo,20,2018,10.4
Gustavo A. Madero,20,2018,19.1
Tlalpan,20,2018,19.3
Cuauhtémoc,20,2018,35.1
Tlalnepantla,20,2018,17.5
Ecatepec,20,2018,17.5
Cuajimalpa,20,2018,4
Miguel Hidalgo,20,2018,15.2
Nezahualcóyotl,20,2018,52.6
Texcoco,20,2018,41
Tlalpan,20,2018,17.3
Tlalpan,20,2018,4.6
Milpa Alta,20,2018,54.1
Magdalena Contreras,20,2018,4.9
Xochimilco,20,2018,32.3
Gustavo A. Madero,20,2018,21.1
Miguel Hidalgo,21,2018,23.1
Tlalpan,21,2018,19.6
Tlalnepantla,21,2018,5.3
Cuajimalpa,21,2018,1.5
Miguel Hidalgo,21,2018,13.5
Nezahualcóyotl,21,2018,1.3
Texcoco,21,2018,38.4
Tlalpan,21,2018,29.2
Tlalpan,21,2018,8.6
Magdalena Contreras,21,2018,18.3
Miguel Hidalgo,22,2018,0.3
Gustavo A. Madero,22,2018,0.2
Tlalpan,22,2018,18.42
Cuajimalpa,22,2018,0.9
Miguel Hidalgo,22,2018,4.8
Nezahualcóyotl,22,2018,0.8
Texcoco,22,2018,0.3
Tlalpan,22,2018,1
Xochimilco,22,2018,0.2
Gustavo A. Madero,22,2018,3
Miguel Hidalgo,14,2018,14.2
Gustavo A. Madero,14,2018,69
Tlalpan,14,2018,6.4
Cuauhtémoc,14,2018,87.4
Tlalnepantla,14,2018,35
Ecatepec,14,2018,24.1
Cuajimalpa,14,2018,53.3
Miguel Hidalgo,14,2018,16
Nezahualcóyotl,14,2018,7.7
Texcoco,14,2018,35.7
Tlalpan,14,2018,5.3
Tlalpan,14,2018,19.8
Milpa Alta,14,2018,22.1
Magdalena Contreras,14,2018,14
Xochimilco,14,2018,23.7
Gustavo A. Madero,14,2018,72.9
Miguel Hidalgo,45,2018,160.3
Gustavo A. Madero,45,2018,49.1
Tlalpan,45,2018,79.5
Cuauhtémoc,45,2018,68.3
Tlalnepantla,45,2018,124
Ecatepec,45,2018,59.7
Cuajimalpa,45,2018,139.4
Miguel Hidalgo,45,2018,200.9
Nezahualcóyotl,45,2018,32.9
Texcoco,45,2018,24.5
Tlalpan,45,2018,68.8
Tlalpan,45,2018,100.6
Milpa Alta,45,2018,50.5
Magdalena Contreras,45,2018,49.9
Xochimilco,45,2018,13.3
Gustavo A. Madero,45,2018,52.3
Miguel Hidalgo,25,2018,36.1
Gustavo A. Madero,25,2018,59
Tlalpan,25,2018,38.6
Cuauhtémoc,25,2018,53.1
Tlalnepantla,25,2018,23.1
Ecatepec,25,2018,16.1
Cuajimalpa,25,2018,57.9
Miguel Hidalgo,25,2018,39.3
Nezahualcóyotl,25,2018,7.7
Texcoco,25,2018,16.6
Tlalpan,25,2018,42.9
Tlalpan,25,2018,50.8
Milpa Alta,25,2018,5.5
Magdalena Contreras,25,2018,88.1
Xochimilco,25,2018,4.9
Gustavo A. Madero,25,2018,107.2
Miguel Hidalgo,26,2018,79
Gustavo A. Madero,26,2018,29
Tlalpan,26,2018,28.9
Cuauhtémoc,26,2018,22.4
Tlalnepantla,26,2018,39.9
Ecatepec,26,2018,21.9
Cuajimalpa,26,2018,61.2
Miguel Hidalgo,26,2018,28.4
Nezahualcóyotl,26,2018,19.3
Texcoco,26,2018,8.6
Tlalpan,26,2018,17.5
Tlalpan,26,2018,26.2
Milpa Alta,26,2018,3.7
Magdalena Contreras,26,2018,60.7
Xochimilco,26,2018,9.1
Gustavo A. Madero,26,2018,38.9
Miguel Hidalgo,6,2018,17.8
Gustavo A. Madero,6,2018,39
Tlalpan,6,2018,27.2
Cuauhtémoc,6,2018,36.3
Tlalnepantla,6,2018,20.8
Ecatepec,6,2018,26.2
Cuajimalpa,6,2018,46.6
Miguel Hidalgo,6,2018,86.1
Nezahualcóyotl,6,2018,31.8
Texcoco,6,2018,11.7
Tlalpan,6,2018,25.7
Tlalpan,6,2018,81
Milpa Alta,6,2018,36.8
Magdalena Contreras,6,2018,51.7
Xochimilco,6,2018,30.8
Gustavo A. Madero,6,2018,42.9
Miguel Hidalgo,36,2018,56.1
Gustavo A. Madero,36,2018,38.9
Tlalpan,36,2018,71.6
Cuauhtémoc,36,2018,50
Tlalnepantla,36,2018,55.6
Ecatepec,36,2018,43.9
Cuajimalpa,36,2018,78.1
Miguel Hidalgo,36,2018,68.3
Nezahualcóyotl,36,2018,41.4
Texcoco,36,2018,33.4
Tlalpan,36,2018,62.5
Tlalpan,36,2018,19.8
Milpa Alta,36,2018,19.1
Magdalena Contreras,36,2018,41.5
Xochimilco,36,2018,18.9
Gustavo A. Madero,36,2018,56.4
Miguel Hidalgo,29,2018,25.4
Gustavo A. Madero,29,2018,0.5
Tlalpan,29,2018,39.6
Cuauhtémoc,29,2018,25.7
Tlalnepantla,29,2018,2.8
Ecatepec,29,2018,11.9
Cuajimalpa,29,2018,10.2
Miguel Hidalgo,29,2018,3.1
Nezahualcóyotl,29,2018,1
Texcoco,29,2018,0.6
Tlalpan,29,2018,19.6
Tlalpan,29,2018,46.5
Magdalena Contreras,29,2018,20.5
Xochimilco,29,2018,3
Miguel Hidalgo,30,2018,31.5
Gustavo A. Madero,30,2018,7.2
Tlalpan,30,2018,16
Cuauhtémoc,30,2018,15
Tlalnepantla,30,2018,12.3
Ecatepec,30,2018,16.4
Cuajimalpa,30,2018,25
Miguel Hidalgo,30,2018,20.6
Nezahualcóyotl,30,2018,14.4
Texcoco,30,2018,16.3
Tlalpan,30,2018,37.3
Tlalpan,30,2018,32.8
Milpa Alta,30,2018,25.9
Magdalena Contreras,30,2018,28.5
Xochimilco,30,2018,22.1
Gustavo A. Madero,30,2018,9.7
Miguel Hidalgo,31,2018,81.8
Gustavo A. Madero,31,2018,59
Tlalpan,31,2018,47.5
Cuauhtémoc,31,2018,40.5
Tlalnepantla,31,2018,59.6
Ecatepec,31,2018,68.9
Cuajimalpa,31,2018,106.5
Miguel Hidalgo,31,2018,58.2
Nezahualcóyotl,31,2018,29.2
Texcoco,31,2018,26
Tlalpan,31,2018,62.5
Tlalpan,31,2018,56.9
Milpa Alta,31,2018,51.3
Magdalena Contreras,31,2018,77.9
Xochimilco,31,2018,36.6
Gustavo A. Madero,31,2018,55.6
Miguel Hidalgo,23,2018,85.1
Gustavo A. Madero,23,2018,49
Tlalpan,23,2018,80.8
Cuauhtémoc,23,2018,49.7
Tlalnepantla,23,2018,55.1
Ecatepec,23,2018,67.4
Cuajimalpa,23,2018,121.9
Miguel Hidalgo,23,2018,89.7
Nezahualcóyotl,23,2018,63.2
Texcoco,23,2018,52.8
Tlalpan,23,2018,69.6
Tlalpan,23,2018,30.7
Milpa Alta,23,2018,31
Magdalena Contreras,23,2018,53.5
Xochimilco,23,2018,75.6
Gustavo A. Madero,23,2018,38.1
Miguel Hidalgo,33,2018,58.4
Gustavo A. Madero,33,2018,38.9
Tlalpan,33,2018,59.2
Cuauhtémoc,33,2018,13.5
Tlalnepantla,33,2018,25.7
Ecatepec,33,2018,6.8
Cuajimalpa,33,2018,48.3
Miguel Hidalgo,33,2018,80.8
Nezahualcóyotl,33,2018,62
Texcoco,33,2018,62.4
Tlalpan,33,2018,44.7
Tlalpan,33,2018,51.6
Milpa Alta,33,2018,40.5
Magdalena Contreras,33,2018,43.1
Xochimilco,33,2018,65.7
Gustavo A. Madero,33,2018,36.6
Miguel Hidalgo,34,2018,39.9
Gustavo A. Madero,34,2018,23.2
Tlalpan,34,2018,72.6
Cuauhtémoc,34,2018,40.9
Tlalnepantla,34,2018,26.7
Ecatepec,34,2018,22.5
Cuajimalpa,34,2018,61.1
Miguel Hidalgo,34,2018,27.2
Nezahualcóyotl,34,2018,94.2
Texcoco,34,2018,25.3
Tlalpan,34,2018,69.9
Tlalpan,34,2018,58.9
Milpa Alta,34,2018,67.8
Magdalena Contreras,34,2018,71.3
Xochimilco,34,2018,23.6
Gustavo A. Madero,34,2018,23.6
Miguel Hidalgo,35,2018,137.4
Gustavo A. Madero,35,2018,19
Tlalpan,35,2018,175.5
Cuauhtémoc,35,2018,36.1
Tlalnepantla,35,2018,48.5
Ecatepec,35,2018,24
Cuajimalpa,35,2018,53.4
Miguel Hidalgo,35,2018,111.5
Nezahualcóyotl,35,2018,18.1
Texcoco,35,2018,21.8
Tlalpan,35,2018,114.3
Tlalpan,35,2018,40.1
Milpa Alta,35,2018,66.9
Magdalena Contreras,35,2018,118.7
Xochimilco,35,2018,22.8
Gustavo A. Madero,35,2018,30.5
Miguel Hidalgo,10,2018,11.4
Gustavo A. Madero,10,2018,18.1
Tlalpan,10,2018,30
Cuauhtémoc,10,2018,32.3
Tlalnepantla,10,2018,7.5
Ecatepec,10,2018,14.5
Cuajimalpa,10,2018,43.4
Miguel Hidalgo,10,2018,21.6
Nezahualcóyotl,10,2018,52.6
Texcoco,10,2018,40.7
Tlalpan,10,2018,20.3
Tlalpan,10,2018,43.9
Milpa Alta,10,2018,26.9
Magdalena Contreras,10,2018,31.8
Xochimilco,10,2018,7.4
Gustavo A. Madero,10,2018,25.4
Miguel Hidalgo,41,2018,74.4
Gustavo A. Madero,41,2018,39.3
Tlalpan,41,2018,56.1
Cuauhtémoc,41,2018,20.8
Tlalnepantla,41,2018,107.1
Ecatepec,41,2018,18.1
Cuajimalpa,41,2018,32.8
Miguel Hidalgo,41,2018,51
Nezahualcóyotl,41,2018,12
Texcoco,41,2018,40.9
Tlalpan,41,2018,68.6
Tlalpan,41,2018,31.5
Milpa Alta,41,2018,14.5
Magdalena Contreras,41,2018,48.7
Xochimilco,41,2018,7
Gustavo A. Madero,41,2018,20.9
Miguel Hidalgo,38,2018,43.2
Gustavo A. Madero,38,2018,37.46
Tlalpan,38,2018,104.1
Cuauhtémoc,38,2018,75.2
Tlalnepantla,38,2018,33.2
Ecatepec,38,2018,14.7
Cuajimalpa,38,2018,88.2
Miguel Hidalgo,38,2018,17.8
Nezahualcóyotl,38,2018,18.5
Texcoco,38,2018,31
Tlalpan,38,2018,71.4
Tlalpan,38,2018,49
Milpa Alta,38,2018,52.6
Magdalena Contreras,38,2018,34.6
Xochimilco,38,2018,48.8
Gustavo A. Madero,38,2018,22.9
Miguel Hidalgo,39,2018,28.2
Gustavo A. Madero,39,2018,13.7
Tlalpan,39,2018,38.6
Cuauhtémoc,39,2018,4
Tlalnepantla,39,2018,4.2
Ecatepec,39,2018,2
Cuajimalpa,39,2018,96.9
Miguel Hidalgo,39,2018,14
Nezahualcóyotl,39,2018,2
Texcoco,39,2018,2
Tlalpan,39,2018,51
Tlalpan,39,2018,46.7
Milpa Alta,39,2018,20.8
Magdalena Contreras,39,2018,73.3
Xochimilco,39,2018,12.6
Gustavo A. Madero,39,2018,11.2
Miguel Hidalgo,2,2018,12.2
Gustavo A. Madero,2,2018,19
Tlalpan,2,2018,45.7
Cuauhtémoc,2,2018,22.4
Tlalnepantla,2,2018,73.8
Ecatepec,2,2018,10.7
Cuajimalpa,2,2018,48.4
Miguel Hidalgo,2,2018,30
Nezahualcóyotl,2,2018,18
Texcoco,2,2018,23.5
Tlalpan,2,2018,56.4
Tlalpan,2,2018,28.7
Milpa Alta,2,2018,25.7
Magdalena Contreras,2,2018,45.2
Gustavo A. Madero,2,2018,26.4
Miguel Hidalgo,32,2018,29.7
Gustavo A. Madero,32,2018,19.1
Tlalpan,32,2018,41.7
Cuauhtémoc,32,2018,9.4
Tlalnepantla,32,2018,38.2
Ecatepec,32,2018,21.3
Cuajimalpa,32,2018,28
Miguel Hidalgo,32,2018,37.3
Nezahualcóyotl,32,2018,58.7
Texcoco,32,2018,17.8
Tlalpan,32,2018,38.1
Tlalpan,32,2018,43.7
Milpa Alta,32,2018,12.2
Magdalena Contreras,32,2018,65.7
Xochimilco,32,2018,10.5
Gustavo A. Madero,32,2018,37.8
Miguel Hidalgo,42,2018,24.6
Gustavo A. Madero,42,2018,2.8
Tlalpan,42,2018,24.1
Cuauhtémoc,42,2018,2.8
Tlalnepantla,42,2018,10.4
Ecatepec,42,2018,1.3
Cuajimalpa,42,2018,67.7
Miguel Hidalgo,42,2018,23.1
Nezahualcóyotl,42,2018,5.2
Texcoco,42,2018,2.6
Tlalpan,42,2018,19.3
Tlalpan,42,2018,37.1
Milpa Alta,42,2018,7.2
Magdalena Contreras,42,2018,29.2
Xochimilco,42,2018,2.4
Gustavo A. Madero,42,2018,2.8
Miguel Hidalgo,43,2018,6.9
Gustavo A. Madero,43,2018,96.5
Tlalpan,43,2018,12.7
Cuauhtémoc,43,2018,63.2
Tlalnepantla,43,2018,25.2
Ecatepec,43,2018,32.3
Cuajimalpa,43,2018,3.7
Miguel Hidalgo,43,2018,13.5
Nezahualcóyotl,43,2018,19.3
Texcoco,43,2018,13.2
Tlalpan,43,2018,13.2
Tlalpan,43,2018,30.7
Milpa Alta,43,2018,36.8
Magdalena Contreras,43,2018,13.6
Xochimilco,43,2018,21.3
Gustavo A. Madero,43,2018,28.7
Miguel Hidalgo,44,2018,23.8
Gustavo A. Madero,44,2018,34.8
Tlalpan,44,2018,23.9
Cuauhtémoc,44,2018,74.9
Tlalnepantla,44,2018,22.5
Ecatepec,44,2018,52.5
Cuajimalpa,44,2018,16.8
Miguel Hidalgo,44,2018,27.4
Nezahualcóyotl,44,2018,1.84
Texcoco,44,2018,11.4
Tlalpan,44,2018,22
Tlalpan,44,2018,33.16
Milpa Alta,44,2018,67.3
Magdalena Contreras,44,2018,25.5
Xochimilco,44,2018,18.6
Gustavo A. Madero,44,2018,23.3
Gustavo A. Madero,19,2018,28.3
Cuauhtémoc,19,2018,20.11
Tlalnepantla,19,2018,6.2
Nezahualcóyotl,19,2018,12.43
Texcoco,19,2018,19.03
Milpa Alta,19,2018,25.02
Gustavo A. Madero,19,2018,25
Miguel Hidalgo,50,2018,20.57
Tlalpan,50,2018,0.7
Tlalnepantla,50,2018,16.4
Cuajimalpa,50,2018,24.1
Miguel Hidalgo,50,2018,21.18
Texcoco,50,2018,0.77
Tlalpan,50,2018,29.47
Magdalena Contreras,50,2018,12.59
Miguel Hidalgo,19,2015,76.75
Gustavo A. Madero,19,2015,17.96
Tlalpan,19,2015,33.31
Cuauhtémoc,19,2015,31.16
Tlalnepantla,19,2015,26.71
Ecatepec,19,2015,7.68
Cuajimalpa,19,2015,23.49
Miguel Hidalgo,19,2015,64.01
Nezahualcóyotl,19,2015,13.05
Texcoco,19,2015,25.33
Tlalpan,19,2015,24.41
Tlalpan,19,2015,21.18
Milpa Alta,19,2015,27.94
Magdalena Contreras,19,2015,23.64
Gustavo A. Madero,19,2015,17.04
Miguel Hidalgo,20,2015,12.89
Gustavo A. Madero,20,2015,49.12
Tlalpan,20,2015,33.62
Cuauhtémoc,20,2015,24.25
Tlalnepantla,20,2015,31.93
Ecatepec,20,2015,19.65
Cuajimalpa,20,2015,87.81
Miguel Hidalgo,20,2015,18.57
Nezahualcóyotl,20,2015,21.49
Texcoco,20,2015,47.28
Tlalpan,20,2015,17.04
Tlalpan,20,2015,33.92
Milpa Alta,20,2015,23.33
Magdalena Contreras,20,2015,57.1
Xochimilco,20,2015,14.43
Gustavo A. Madero,20,2015,71.23
Miguel Hidalgo,21,2015,30.24
Gustavo A. Madero,21,2015,19.03
Tlalpan,21,2015,21.64
Cuauhtémoc,21,2015,35.61
Tlalnepantla,21,2015,13.97
Ecatepec,21,2015,21.03
Cuajimalpa,21,2015,33.77
Miguel Hidalgo,21,2015,40.53
Nezahualcóyotl,21,2015,20.72
Texcoco,21,2015,18.27
Tlalpan,21,2015,31.32
Tlalpan,21,2015,42.06
Milpa Alta,21,2015,32.85
Gustavo A. Madero,21,2015,13.05
Miguel Hidalgo,22,2015,89.49
Gustavo A. Madero,22,2015,34.69
Tlalpan,22,2015,65.55
Cuauhtémoc,22,2015,28.55
Tlalnepantla,22,2015,53.88
Ecatepec,22,2015,27.63
Cuajimalpa,22,2015,74.76
Miguel Hidalgo,22,2015,44.36
Nezahualcóyotl,22,2015,28.09
Texcoco,22,2015,35.77
Tlalpan,22,2015,57.41
Tlalpan,22,2015,35.61
Milpa Alta,22,2015,18.73
Gustavo A. Madero,22,2015,25.33
Miguel Hidalgo,23,2015,17.35
Gustavo A. Madero,23,2015,40.83
Tlalpan,23,2015,35.92
Cuauhtémoc,23,2015,14.58
Tlalnepantla,23,2015,7.37
Ecatepec,23,2015,46.05
Cuajimalpa,23,2015,24.41
Nezahualcóyotl,23,2015,10.28
Texcoco,23,2015,64.17
Tlalpan,23,2015,25.17
Tlalpan,23,2015,9.82
Milpa Alta,23,2015,13.66
Magdalena Contreras,23,2015,24.56
Xochimilco,23,2015,12.59
Gustavo A. Madero,23,2015,8.14
Miguel Hidalgo,24,2015,11.97
Gustavo A. Madero,24,2015,11.05
Tlalpan,24,2015,21.8
Cuauhtémoc,24,2015,7.37
Tlalnepantla,24,2015,16.12
Ecatepec,24,2015,8.6
Cuajimalpa,24,2015,37.3
Miguel Hidalgo,24,2015,29.32
Nezahualcóyotl,24,2015,4.91
Texcoco,24,2015,18.27
Tlalpan,24,2015,32.85
Tlalpan,24,2015,3.99
Milpa Alta,24,2015,10.9
Magdalena Contreras,24,2015,33.62
Xochimilco,24,2015,11.97
Gustavo A. Madero,24,2015,1
Miguel Hidalgo,25,2015,26.1
Gustavo A. Madero,25,2015,24.25
Tlalpan,25,2015,56.18
Cuauhtémoc,25,2015,24.41
Tlalnepantla,25,2015,37.92
Ecatepec,25,2015,28.71
Cuajimalpa,25,2015,13.97
Miguel Hidalgo,25,2015,18.11
Nezahualcóyotl,25,2015,0.61
Texcoco,25,2015,19.65
Tlalpan,25,2015,77.98
Tlalpan,25,2015,98.86
Milpa Alta,25,2015,31.16
Magdalena Contreras,25,2015,27.17
Xochimilco,25,2015,7.98
Gustavo A. Madero,25,2015,28.55
Miguel Hidalgo,26,2015,81.2
Gustavo A. Madero,26,2015,25.64
Tlalpan,26,2015,43.9
Cuauhtémoc,26,2015,67.08
Tlalnepantla,26,2015,70.92
Ecatepec,26,2015,26.86
Cuajimalpa,26,2015,53.57
Miguel Hidalgo,26,2015,48.05
Nezahualcóyotl,26,2015,6.45
Texcoco,26,2015,11.21
Tlalpan,26,2015,53.57
Tlalpan,26,2015,104.08
Milpa Alta,26,2015,49.12
Xochimilco,26,2015,33.77
Gustavo A. Madero,26,2015,40.99
Miguel Hidalgo,27,2015,58.49
Gustavo A. Madero,27,2015,128.18
Tlalpan,27,2015,18.11
Cuauhtémoc,27,2015,14.43
Tlalnepantla,27,2015,8.75
Ecatepec,27,2015,60.48
Cuajimalpa,27,2015,44.98
Miguel Hidalgo,27,2015,40.83
Nezahualcóyotl,27,2015,21.49
Texcoco,27,2015,27.02
Tlalpan,27,2015,34.85
Tlalpan,27,2015,32.7
Milpa Alta,27,2015,26.71
Xochimilco,27,2015,15.04
Gustavo A. Madero,27,2015,66.62
Miguel Hidalgo,28,2015,11.67
Gustavo A. Madero,28,2015,10.13
Tlalpan,28,2015,31.32
Cuauhtémoc,28,2015,14.89
Tlalnepantla,28,2015,3.84
Ecatepec,28,2015,5.83
Cuajimalpa,28,2015,32.54
Miguel Hidalgo,28,2015,2.92
Nezahualcóyotl,28,2015,17.96
Texcoco,28,2015,9.36
Tlalpan,28,2015,53.11
Tlalpan,28,2015,16.73
Milpa Alta,28,2015,1.84
Magdalena Contreras,28,2015,29.47
Gustavo A. Madero,28,2015,12.13
Miguel Hidalgo,29,2015,44.06
Gustavo A. Madero,29,2015,32.7
Tlalpan,29,2015,33.77
Cuauhtémoc,29,2015,17.96
Tlalnepantla,29,2015,4.45
Ecatepec,29,2015,13.51
Cuajimalpa,29,2015,57.41
Miguel Hidalgo,29,2015,49.12
Nezahualcóyotl,29,2015,10.28
Texcoco,29,2015,14.89
Tlalpan,29,2015,69.85
Tlalpan,29,2015,77.06
Milpa Alta,29,2015,45.59
Gustavo A. Madero,29,2015,31.47
Miguel Hidalgo,30,2015,29.01
Gustavo A. Madero,30,2015,19.19
Tlalpan,30,2015,50.5
Cuauhtémoc,30,2015,31.93
Tlalnepantla,30,2015,7.21
Ecatepec,30,2015,33
Cuajimalpa,30,2015,54.34
Miguel Hidalgo,30,2015,13.51
Nezahualcóyotl,30,2015,21.8
Texcoco,30,2015,38.84
Tlalpan,30,2015,32.54
Tlalpan,30,2015,34.85
Milpa Alta,30,2015,23.49
Xochimilco,30,2015,14.89
Gustavo A. Madero,30,2015,31.32
Miguel Hidalgo,31,2015,19.34
Gustavo A. Madero,31,2015,11.51
Tlalpan,31,2015,2.15
Cuauhtémoc,31,2015,19.96
Tlalnepantla,31,2015,33.46
Ecatepec,31,2015,19.65
Cuajimalpa,31,2015,45.44
Miguel Hidalgo,31,2015,0.92
Texcoco,31,2015,2.15
Tlalpan,31,2015,25.64
Tlalpan,31,2015,13.66
Milpa Alta,31,2015,7.83
Xochimilco,31,2015,4.61
Gustavo A. Madero,31,2015,5.53
Miguel Hidalgo,32,2015,56.8
Gustavo A. Madero,32,2015,4.91
Tlalpan,32,2015,12.13
Cuauhtémoc,32,2015,6.6
Tlalnepantla,32,2015,21.34
Miguel Hidalgo,32,2015,22.72
Nezahualcóyotl,32,2015,10.44
Texcoco,32,2015,11.67
Tlalpan,32,2015,18.11
Tlalpan,32,2015,36.84
Milpa Alta,32,2015,55.26
Magdalena Contreras,32,2015,90.57
Xochimilco,32,2015,58.79
Gustavo A. Madero,32,2015,3.22
Miguel Hidalgo,33,2015,3.68
Gustavo A. Madero,33,2015,7.21
Tlalpan,33,2015,21.64
Cuauhtémoc,33,2015,27.78
Tlalnepantla,33,2015,7.98
Ecatepec,33,2015,7.52
Miguel Hidalgo,33,2015,5.37
Nezahualcóyotl,33,2015,30.24
Texcoco,33,2015,60.48
Tlalpan,33,2015,37.92
Tlalpan,33,2015,43.29
Milpa Alta,33,2015,61.71
Magdalena Contreras,33,2015,33.16
Xochimilco,33,2015,49.74
Gustavo A. Madero,33,2015,7.21
Miguel Hidalgo,34,2015,16.43
Gustavo A. Madero,34,2015,51.42
Tlalpan,34,2015,15.2
Cuauhtémoc,34,2015,15.66
Tlalnepantla,34,2015,4.3
Ecatepec,34,2015,24.87
Cuajimalpa,34,2015,16.89
Miguel Hidalgo,34,2015,1.84
Nezahualcóyotl,34,2015,32.7
Texcoco,34,2015,33
Tlalpan,34,2015,41.75
Tlalpan,34,2015,22.57
Milpa Alta,34,2015,14.28
Magdalena Contreras,34,2015,45.59
Xochimilco,34,2015,26.4
Gustavo A. Madero,34,2015,51.73
Miguel Hidalgo,35,2015,93.18
Gustavo A. Madero,35,2015,2.76
Tlalpan,35,2015,8.9
Cuauhtémoc,35,2015,12.28
Tlalnepantla,35,2015,134.62
Ecatepec,35,2015,2.61
Cuajimalpa,35,2015,38.53
Miguel Hidalgo,35,2015,93.64
Nezahualcóyotl,35,2015,1.54
Texcoco,35,2015,7.21
Tlalpan,35,2015,21.49
Tlalpan,35,2015,95.48
Milpa Alta,35,2015,17.19
Magdalena Contreras,35,2015,36.69
Xochimilco,35,2015,10.59
Gustavo A. Madero,35,2015,2.61
Miguel Hidalgo,36,2015,37.92
Gustavo A. Madero,36,2015,66.16
Tlalpan,36,2015,43.9
Cuauhtémoc,36,2015,102.23
Tlalnepantla,36,2015,39.76
Ecatepec,36,2015,29.32
Cuajimalpa,36,2015,34.39
Miguel Hidalgo,36,2015,30.85
Nezahualcóyotl,36,2015,25.02
Texcoco,36,2015,35.61
Tlalpan,36,2015,40.22
Tlalpan,36,2015,20.42
Milpa Alta,36,2015,23.49
Magdalena Contreras,36,2015,64.17
Xochimilco,36,2015,47.74
Gustavo A. Madero,36,2015,84.12
Miguel Hidalgo,37,2015,81.67
Gustavo A. Madero,37,2015,0.51
Tlalpan,37,2015,45.28
Cuauhtémoc,37,2015,9.21
Tlalnepantla,37,2015,79.52
Ecatepec,37,2015,16.27
Cuajimalpa,37,2015,102.23
Miguel Hidalgo,37,2015,73.84
Nezahualcóyotl,37,2015,26.71
Texcoco,37,2015,31.16
Tlalpan,37,2015,35.92
Tlalpan,37,2015,29.01
Milpa Alta,37,2015,3.38
Magdalena Contreras,37,2015,40.37
Xochimilco,37,2015,2.46
Gustavo A. Madero,37,2015,4.45
Miguel Hidalgo,38,2015,12.28
Gustavo A. Madero,38,2015,28.86
Tlalpan,38,2015,3.38
Cuauhtémoc,38,2015,45.28
Tlalnepantla,38,2015,7.37
Ecatepec,38,2015,44.82
Cuajimalpa,38,2015,3.38
Miguel Hidalgo,38,2015,2.46
Nezahualcóyotl,38,2015,12.59
Texcoco,38,2015,19.34
Tlalpan,38,2015,10.13
Milpa Alta,38,2015,27.48
Magdalena Contreras,38,2015,9.82
Xochimilco,38,2015,12.28
Gustavo A. Madero,38,2015,55.57
Miguel Hidalgo,39,2015,31.47
Gustavo A. Madero,39,2015,15.04
Tlalpan,39,2015,36.84
Cuauhtémoc,39,2015,29.17
Tlalnepantla,39,2015,23.33
Ecatepec,39,2015,14.43
Cuajimalpa,39,2015,39.45
Miguel Hidalgo,39,2015,16.58
Nezahualcóyotl,39,2015,19.96
Texcoco,39,2015,13.82
Tlalpan,39,2015,32.85
Milpa Alta,39,2015,23.64
Magdalena Contreras,39,2015,68
Xochimilco,39,2015,28.55
Gustavo A. Madero,39,2015,15.35
Gustavo A. Madero,40,2015,12.59
Tlalpan,40,2015,1.54
Cuauhtémoc,40,2015,0.37
Ecatepec,40,2015,7.52
Nezahualcóyotl,40,2015,16.12
Texcoco,40,2015,10.13
Tlalpan,40,2015,0.61
Milpa Alta,40,2015,2
Magdalena Contreras,40,2015,5.37
Xochimilco,40,2015,1.69
Gustavo A. Madero,40,2015,12.43
Miguel Hidalgo,41,2015,2.46
Tlalnepantla,41,2015,0.48
Ecatepec,41,2015,0.95
Cuajimalpa,41,2015,2.61
Miguel Hidalgo,41,2015,8.29
Tlalpan,41,2015,0.46
Tlalpan,42,2015,5.22
Cuauhtémoc,42,2015,1.07
Tlalnepantla,42,2015,0.84
Cuajimalpa,42,2015,36.38
Miguel Hidalgo,42,2015,0.87
Tlalpan,42,2015,12.89
Magdalena Contreras,42,2015,26.71
Xochimilco,42,2015,8.14
Gustavo A. Madero,43,2015,3.38
Tlalpan,43,2015,11.36
Cuauhtémoc,43,2015,7.37
Tlalnepantla,43,2015,14.28
Ecatepec,43,2015,2.46
Cuajimalpa,43,2015,14.43
Miguel Hidalgo,43,2015,12.59
Nezahualcóyotl,43,2015,5.53
Texcoco,43,2015,2.92
Tlalpan,43,2015,28.86
Milpa Alta,43,2015,10.28
Magdalena Contreras,43,2015,12.74
Xochimilco,43,2015,7.68
Gustavo A. Madero,43,2015,3.99
Gustavo A. Madero,44,2015,10.28
Cuauhtémoc,44,2015,5.37
Tlalnepantla,44,2015,7.21
Ecatepec,44,2015,11.97
Cuajimalpa,44,2015,10.13
Miguel Hidalgo,44,2015,7.37
Nezahualcóyotl,44,2015,5.99
Texcoco,44,2015,8.9
Tlalpan,44,2015,10.44
Milpa Alta,44,2015,21.18
Xochimilco,44,2015,14.74
Gustavo A. Madero,44,2015,21.8
Tlalnepantla,18,2010,5.59
Ecatepec,18,2010,7.06
Cuajimalpa,18,2010,17.76
Tlalpan,18,2010,9.98
Tlalpan,18,2010,0.31
Magdalena Contreras,18,2010,2.61
Gustavo A. Madero,18,2010,0.71
Gustavo A. Madero,19,2010,7.58
Tlalnepantla,19,2010,5.53
Ecatepec,19,2010,5.89
Cuajimalpa,19,2010,53.18
Miguel Hidalgo,19,2010,10.75
Nezahualcóyotl,19,2010,5.37
Tlalpan,19,2010,17.46
Tlalpan,19,2010,15.66
Milpa Alta,19,2010,8.48
Magdalena Contreras,19,2010,26.44
Xochimilco,19,2010,2.69
Gustavo A. Madero,19,2010,8.44
Miguel Hidalgo,20,2010,17.96
Gustavo A. Madero,20,2010,20.72
Tlalpan,20,2010,1.75
Tlalnepantla,20,2010,1.5
Ecatepec,20,2010,2.15
Cuajimalpa,20,2010,6.98
Miguel Hidalgo,20,2010,4.61
Nezahualcóyotl,20,2010,1.23
Tlalpan,20,2010,2.24
Milpa Alta,20,2010,0.69
Xochimilco,20,2010,0.97
Gustavo A. Madero,20,2010,2.76
Miguel Hidalgo,21,2010,1.77
Gustavo A. Madero,21,2010,2
Tlalpan,21,2010,25.24
Tlalnepantla,21,2010,0.57
Ecatepec,21,2010,5.69
Cuajimalpa,21,2010,3.99
Nezahualcóyotl,21,2010,8.98
Texcoco,21,2010,4.59
Tlalpan,21,2010,25.17
Tlalpan,21,2010,0.95
Milpa Alta,21,2010,12.87
Magdalena Contreras,21,2010,1.6
Xochimilco,21,2010,37.52
Gustavo A. Madero,21,2010,2
Miguel Hidalgo,22,2010,11.97
Tlalpan,22,2010,3.99
Tlalnepantla,22,2010,8.18
Ecatepec,22,2010,15.86
Cuajimalpa,22,2010,23.15
Miguel Hidalgo,22,2010,8.18
Texcoco,22,2010,0.31
Tlalpan,22,2010,2.69
Tlalpan,22,2010,9.98
Milpa Alta,22,2010,6.49
Magdalena Contreras,22,2010,8.18
Xochimilco,22,2010,2.89
Miguel Hidalgo,23,2010,23.95
Gustavo A. Madero,23,2010,18.16
Tlalpan,23,2010,33.92
Tlalnepantla,23,2010,15.96
Ecatepec,23,2010,18.26
Cuajimalpa,23,2010,46.3
Miguel Hidalgo,23,2010,28.24
Nezahualcóyotl,23,2010,15.17
Texcoco,23,2010,9.98
Tlalpan,23,2010,45.1
Tlalpan,23,2010,42.41
Milpa Alta,23,2010,18.76
Magdalena Contreras,23,2010,40.22
Xochimilco,23,2010,25.14
Gustavo A. Madero,23,2010,12.97
Miguel Hidalgo,24,2010,30.33
Gustavo A. Madero,24,2010,28.94
Tlalpan,24,2010,28.94
Tlalnepantla,24,2010,24.35
Ecatepec,24,2010,15.96
Cuajimalpa,24,2010,78.23
Miguel Hidalgo,24,2010,13.97
Nezahualcóyotl,24,2010,18.56
Texcoco,24,2010,11.67
Tlalpan,24,2010,44.9
Tlalpan,24,2010,59.17
Milpa Alta,24,2010,11.47
Magdalena Contreras,24,2010,80.02
Xochimilco,24,2010,10.38
Gustavo A. Madero,24,2010,19.96
Miguel Hidalgo,25,2010,13.87
Gustavo A. Madero,25,2010,2.76
Tlalpan,25,2010,41.91
Tlalnepantla,25,2010,5.68
Ecatepec,25,2010,17.96
Cuajimalpa,25,2010,27.44
Nezahualcóyotl,25,2010,31.03
Texcoco,25,2010,18.96
Tlalpan,25,2010,19.86
Tlalpan,25,2010,25.94
Milpa Alta,25,2010,19.96
Magdalena Contreras,25,2010,9.98
Xochimilco,25,2010,19.86
Gustavo A. Madero,25,2010,2.46
Miguel Hidalgo,26,2010,116.54
Gustavo A. Madero,26,2010,16.66
Tlalpan,26,2010,79.72
Cuauhtémoc,26,2010,20.11
Tlalnepantla,26,2010,53.88
Ecatepec,26,2010,6.6
Cuajimalpa,26,2010,120.73
Miguel Hidalgo,26,2010,83.81
Nezahualcóyotl,26,2010,13.47
Texcoco,26,2010,4.3
Tlalpan,26,2010,109.56
Tlalpan,26,2010,65.85
Milpa Alta,26,2010,26.94
Magdalena Contreras,26,2010,60.87
Xochimilco,26,2010,19.86
Gustavo A. Madero,26,2010,23.95
Miguel Hidalgo,27,2010,91
Gustavo A. Madero,27,2010,141.39
Tlalpan,27,2010,58.37
Cuauhtémoc,27,2010,118.74
Tlalnepantla,27,2010,38.71
Ecatepec,27,2010,69.85
Cuajimalpa,27,2010,92.3
Miguel Hidalgo,27,2010,43.3
Nezahualcóyotl,27,2010,86.11
Texcoco,27,2010,86.21
Tlalpan,27,2010,69.85
Tlalpan,27,2010,100.18
Milpa Alta,27,2010,25.54
Magdalena Contreras,27,2010,129.71
Xochimilco,27,2010,38.99
Gustavo A. Madero,27,2010,95.39
Miguel Hidalgo,28,2010,42.61
Gustavo A. Madero,28,2010,2.79
Tlalpan,28,2010,46.6
Ecatepec,28,2010,3.19
Cuajimalpa,28,2010,83.71
Miguel Hidalgo,28,2010,34.32
Nezahualcóyotl,28,2010,1.5
Texcoco,28,2010,0.31
Tlalpan,28,2010,48.09
Tlalpan,28,2010,27.74
Milpa Alta,28,2010,10.78
Magdalena Contreras,28,2010,109.56
Xochimilco,28,2010,10.98
Gustavo A. Madero,28,2010,3.68
Gustavo A. Madero,29,2010,70.24
Tlalpan,29,2010,101.87
Tlalnepantla,29,2010,74.04
Ecatepec,29,2010,108.76
Cuajimalpa,29,2010,109.56
Miguel Hidalgo,29,2010,63.66
Nezahualcóyotl,29,2010,29.93
Texcoco,29,2010,58.87
Tlalpan,29,2010,84.61
Tlalpan,29,2010,80.02
Milpa Alta,29,2010,1.23
Magdalena Contreras,29,2010,115.54
Xochimilco,29,2010,43.6
Gustavo A. Madero,29,2010,72.24
Gustavo A. Madero,30,2010,18.56
Tlalpan,30,2010,36.12
Cuauhtémoc,30,2010,18.73
Tlalnepantla,30,2010,6.29
Ecatepec,30,2010,12.67
Cuajimalpa,30,2010,69.05
Miguel Hidalgo,30,2010,23.45
Nezahualcóyotl,30,2010,43.1
Texcoco,30,2010,39.45
Tlalpan,30,2010,55.68
Tlalpan,30,2010,84.74
Milpa Alta,30,2010,25.24
Magdalena Contreras,30,2010,49.89
Xochimilco,30,2010,14.97
Gustavo A. Madero,30,2010,17.26
Miguel Hidalgo,31,2010,85.41
Gustavo A. Madero,31,2010,60.17
Tlalpan,31,2010,53.68
Cuauhtémoc,31,2010,31.63
Tlalnepantla,31,2010,100.08
Ecatepec,31,2010,18.56
Cuajimalpa,31,2010,56.57
Miguel Hidalgo,31,2010,110.16
Nezahualcóyotl,31,2010,16.26
Texcoco,31,2010,13.51
Tlalpan,31,2010,23.55
Tlalpan,31,2010,104.87
Milpa Alta,31,2010,18.86
Magdalena Contreras,31,2010,133.01
Xochimilco,31,2010,39.81
Gustavo A. Madero,31,2010,47.3
Miguel Hidalgo,32,2010,21.49
Gustavo A. Madero,32,2010,54.68
Tlalpan,32,2010,50.89
Cuauhtémoc,32,2010,31.33
Tlalnepantla,32,2010,38.12
Ecatepec,32,2010,48.49
Cuajimalpa,32,2010,72.44
Miguel Hidalgo,32,2010,35.15
Nezahualcóyotl,32,2010,21.05
Texcoco,32,2010,38.81
Tlalpan,32,2010,137.69
Tlalpan,32,2010,93.79
Milpa Alta,32,2010,22.95
Magdalena Contreras,32,2010,102.37
Xochimilco,32,2010,10.38
Gustavo A. Madero,32,2010,33.13
Miguel Hidalgo,33,2010,35.22
Gustavo A. Madero,33,2010,38.41
Tlalpan,33,2010,37.92
Cuauhtémoc,33,2010,38.81
Tlalnepantla,33,2010,6.98
Ecatepec,33,2010,22.26
Cuajimalpa,33,2010,67.85
Miguel Hidalgo,33,2010,9.06
Nezahualcóyotl,33,2010,36.52
Texcoco,33,2010,61.96
Tlalpan,33,2010,40.91
Tlalpan,33,2010,56.87
Milpa Alta,33,2010,49.49
Magdalena Contreras,33,2010,65.39
Xochimilco,33,2010,16.27
Gustavo A. Madero,33,2010,29.73
Miguel Hidalgo,34,2010,23.33
Gustavo A. Madero,34,2010,1.54
Tlalpan,34,2010,44.1
Cuauhtémoc,34,2010,7.58
Tlalnepantla,34,2010,2.46
Ecatepec,34,2010,2.76
Cuajimalpa,34,2010,122.04
Miguel Hidalgo,34,2010,9.98
Nezahualcóyotl,34,2010,2.3
Texcoco,34,2010,7.83
Tlalpan,34,2010,63.16
Tlalpan,34,2010,50.89
Milpa Alta,34,2010,39.41
Magdalena Contreras,34,2010,59.77
Xochimilco,34,2010,32.93
Gustavo A. Madero,34,2010,0.31
Miguel Hidalgo,35,2010,41.21
Gustavo A. Madero,35,2010,20.16
Tlalpan,35,2010,40.11
Cuauhtémoc,35,2010,62.56
Tlalnepantla,35,2010,17.19
Ecatepec,35,2010,29.93
Cuajimalpa,35,2010,80.32
Miguel Hidalgo,35,2010,40.21
Nezahualcóyotl,35,2010,27.78
Texcoco,35,2010,14.43
Tlalpan,35,2010,38.91
Tlalpan,35,2010,61.36
Milpa Alta,35,2010,12.47
Magdalena Contreras,35,2010,75.13
Xochimilco,35,2010,19.46
Gustavo A. Madero,35,2010,9.21
Gustavo A. Madero,36,2010,7.28
Tlalpan,36,2010,7.98
Cuauhtémoc,36,2010,2.2
Ecatepec,36,2010,1.4
Texcoco,36,2010,1.69
Tlalpan,36,2010,20.16
Tlalpan,36,2010,32.53
Milpa Alta,36,2010,11.08
Magdalena Contreras,36,2010,58.07
Xochimilco,36,2010,9.88
Gustavo A. Madero,36,2010,4.14
Miguel Hidalgo,37,2010,22.95
Gustavo A. Madero,37,2010,33.13
Tlalpan,37,2010,46.5
Cuauhtémoc,37,2010,34.82
Tlalnepantla,37,2010,30.43
Ecatepec,37,2010,13.07
Cuajimalpa,37,2010,80.32
Miguel Hidalgo,37,2010,30.43
Nezahualcóyotl,37,2010,12.43
Texcoco,37,2010,18.66
Tlalpan,37,2010,39.41
Tlalpan,37,2010,84.71
Milpa Alta,37,2010,101.31
Magdalena Contreras,37,2010,60.77
Xochimilco,37,2010,27.94
Gustavo A. Madero,37,2010,29.04
Miguel Hidalgo,38,2010,41.81
Gustavo A. Madero,38,2010,3.39
Tlalpan,38,2010,48.89
Cuauhtémoc,38,2010,9.98
Tlalnepantla,38,2010,13.97
Ecatepec,38,2010,1.46
Cuajimalpa,38,2010,39.91
Miguel Hidalgo,38,2010,40.41
Nezahualcóyotl,38,2010,24.25
Texcoco,38,2010,3.29
Tlalpan,38,2010,48.29
Tlalpan,38,2010,48.89
Milpa Alta,38,2010,36.22
Magdalena Contreras,38,2010,42.11
Xochimilco,38,2010,33.73
Gustavo A. Madero,38,2010,2.76
Cuajimalpa,39,2010,0.55
Texcoco,39,2010,1.15
Tlalpan,40,2010,3.59
Tlalnepantla,40,2010,4.49
Ecatepec,40,2010,0.4
Miguel Hidalgo,40,2010,0.45
Tlalpan,40,2010,6.39
Magdalena Contreras,40,2010,3.07
Gustavo A. Madero,40,2010,0.31
Ecatepec,41,2010,0.54
Miguel Hidalgo,43,2010,8.08
Tlalpan,43,2010,0.31
Cuajimalpa,43,2010,3.99
Tlalpan,43,2010,3.49
Tlalpan,43,2010,9.28
Magdalena Contreras,43,2010,13.51
Cuajimalpa,18,2013,1.3
Tlalpan,18,2013,1.3
Miguel Hidalgo,19,2013,20.29
Gustavo A. Madero,19,2013,3.3
Tlalpan,19,2013,23.95
Cuauhtémoc,19,2013,27.49
Tlalnepantla,19,2013,58.7
Ecatepec,19,2013,5.8
Cuajimalpa,19,2013,94.81
Miguel Hidalgo,19,2013,9.06
Nezahualcóyotl,19,2013,7.89
Texcoco,19,2013,3.22
Tlalpan,19,2013,44.99
Tlalpan,19,2013,44.19
Milpa Alta,19,2013,26.71
Xochimilco,19,2013,23.79
Gustavo A. Madero,19,2013,4.7
Miguel Hidalgo,20,2013,27.09
Gustavo A. Madero,20,2013,16.89
Cuauhtémoc,20,2013,2.61
Tlalnepantla,20,2013,7.21
Ecatepec,20,2013,48.91
Cuajimalpa,20,2013,17.04
Miguel Hidalgo,20,2013,13.51
Nezahualcóyotl,20,2013,15.5
Texcoco,20,2013,18.27
Tlalpan,20,2013,5.83
Tlalpan,20,2013,11.21
Milpa Alta,20,2013,16.73
Xochimilco,20,2013,31.61
Miguel Hidalgo,21,2013,20.72
Gustavo A. Madero,21,2013,22.41
Tlalpan,21,2013,22.72
Cuauhtémoc,21,2013,39.4
Tlalnepantla,21,2013,21.95
Ecatepec,21,2013,33.92
Cuajimalpa,21,2013,19.19
Miguel Hidalgo,21,2013,24.56
Nezahualcóyotl,21,2013,39.3
Texcoco,21,2013,13.2
Tlalpan,21,2013,30.99
Tlalpan,21,2013,62.09
Milpa Alta,21,2013,17.19
Xochimilco,21,2013,11.67
Gustavo A. Madero,21,2013,37.99
Gustavo A. Madero,22,2013,3.9
Ecatepec,22,2013,46.8
Cuajimalpa,22,2013,3.22
Nezahualcóyotl,22,2013,11.8
Texcoco,22,2013,10.81
Tlalpan,22,2013,2.61
Tlalpan,22,2013,8.14
Milpa Alta,22,2013,9.67
Xochimilco,22,2013,16.89
Miguel Hidalgo,23,2013,13.2
Gustavo A. Madero,23,2013,1.8
Tlalpan,23,2013,25.02
Cuauhtémoc,23,2013,31.41
Tlalnepantla,23,2013,17.19
Ecatepec,23,2013,1.4
Cuajimalpa,23,2013,33
Miguel Hidalgo,23,2013,14.28
Nezahualcóyotl,23,2013,1.5
Tlalpan,23,2013,35.4
Tlalpan,23,2013,26.5
Milpa Alta,23,2013,29.4
Xochimilco,23,2013,27
Gustavo A. Madero,23,2013,1.69
Miguel Hidalgo,24,2013,79.5
Gustavo A. Madero,24,2013,107.9
Tlalpan,24,2013,6.45
Cuauhtémoc,24,2013,36.84
Tlalnepantla,24,2013,35.6
Ecatepec,24,2013,35.71
Cuajimalpa,24,2013,47.49
Miguel Hidalgo,24,2013,30.55
Nezahualcóyotl,24,2013,50.9
Texcoco,24,2013,48.2
Tlalpan,24,2013,13
Tlalpan,24,2013,57.99
Milpa Alta,24,2013,62.4
Xochimilco,24,2013,37.46
Gustavo A. Madero,24,2013,64.17
Miguel Hidalgo,25,2013,86.39
Gustavo A. Madero,25,2013,34.69
Tlalpan,25,2013,74.7
Cuauhtémoc,25,2013,80.61
Tlalnepantla,25,2013,78.2
Ecatepec,25,2013,13.51
Cuajimalpa,25,2013,92.9
Miguel Hidalgo,25,2013,87.61
Nezahualcóyotl,25,2013,32.5
Texcoco,25,2013,34.8
Tlalpan,25,2013,97.51
Tlalpan,25,2013,64.93
Milpa Alta,25,2013,33
Gustavo A. Madero,25,2013,21.6
Miguel Hidalgo,26,2013,8.9
Gustavo A. Madero,26,2013,16.19
Tlalpan,26,2013,15.5
Cuauhtémoc,26,2013,2.92
Tlalnepantla,26,2013,5.22
Ecatepec,26,2013,31.9
Cuajimalpa,26,2013,20.72
Miguel Hidalgo,26,2013,10.59
Nezahualcóyotl,26,2013,3.07
Texcoco,26,2013,26.56
Tlalpan,26,2013,49.8
Tlalpan,26,2013,38.1
Milpa Alta,26,2013,3.9
Gustavo A. Madero,26,2013,22
Miguel Hidalgo,27,2013,62.4
Gustavo A. Madero,27,2013,78.6
Tlalpan,27,2013,63.8
Cuauhtémoc,27,2013,38.81
Tlalnepantla,27,2013,24.87
Ecatepec,27,2013,40.99
Cuajimalpa,27,2013,56.18
Miguel Hidalgo,27,2013,24.56
Nezahualcóyotl,27,2013,31.5
Texcoco,27,2013,26.5
Tlalpan,27,2013,68.89
Tlalpan,27,2013,58.49
Milpa Alta,27,2013,51.1
Xochimilco,27,2013,14.43
Gustavo A. Madero,27,2013,25.6
Miguel Hidalgo,28,2013,42.67
Gustavo A. Madero,28,2013,52.9
Tlalpan,28,2013,21.34
Cuauhtémoc,28,2013,53.8
Tlalnepantla,28,2013,40.99
Ecatepec,28,2013,55.8
Cuajimalpa,28,2013,10.28
Miguel Hidalgo,28,2013,46.05
Nezahualcóyotl,28,2013,41.29
Texcoco,28,2013,31.5
Tlalpan,28,2013,32.01
Tlalpan,28,2013,52.81
Milpa Alta,28,2013,18.91
Xochimilco,28,2013,27.2
Gustavo A. Madero,28,2013,45.61
Miguel Hidalgo,29,2013,61.29
Gustavo A. Madero,29,2013,55.29
Tlalpan,29,2013,48.71
Cuauhtémoc,29,2013,27.78
Tlalnepantla,29,2013,42.67
Ecatepec,29,2013,73.5
Cuajimalpa,29,2013,49.71
Miguel Hidalgo,29,2013,63.4
Nezahualcóyotl,29,2013,38.5
Texcoco,29,2013,20.29
Tlalpan,29,2013,64
Tlalpan,29,2013,68.69
Milpa Alta,29,2013,8.9
Gustavo A. Madero,29,2013,74.3
Miguel Hidalgo,30,2013,11.61
Gustavo A. Madero,30,2013,24.56
Tlalpan,30,2013,12.4
Cuauhtémoc,30,2013,9.5
Tlalnepantla,30,2013,19.1
Ecatepec,30,2013,24.81
Cuajimalpa,30,2013,21.43
Miguel Hidalgo,30,2013,0.29
Nezahualcóyotl,30,2013,11.1
Texcoco,30,2013,4.9
Tlalpan,30,2013,15.5
Tlalpan,30,2013,18.9
Milpa Alta,30,2013,27.8
Gustavo A. Madero,30,2013,4.91
Miguel Hidalgo,31,2013,15.5
Gustavo A. Madero,31,2013,9.5
Tlalpan,31,2013,26.1
Cuauhtémoc,31,2013,49.8
Tlalnepantla,31,2013,18.57
Ecatepec,31,2013,6.29
Cuajimalpa,31,2013,39.21
Miguel Hidalgo,31,2013,32.21
Nezahualcóyotl,31,2013,57.5
Texcoco,31,2013,23.19
Tlalpan,31,2013,38.61
Tlalpan,31,2013,49.12
Milpa Alta,31,2013,13.82
Gustavo A. Madero,31,2013,25.6
Miguel Hidalgo,32,2013,25.94
Gustavo A. Madero,32,2013,44.82
Tlalpan,32,2013,51.3
Cuauhtémoc,32,2013,46.3
Tlalnepantla,32,2013,35.51
Ecatepec,32,2013,19.2
Cuajimalpa,32,2013,91
Miguel Hidalgo,32,2013,29.78
Nezahualcóyotl,32,2013,21.71
Texcoco,32,2013,9.99
Tlalpan,32,2013,47.4
Tlalpan,32,2013,28.8
Milpa Alta,32,2013,10.13
Xochimilco,32,2013,34.09
Gustavo A. Madero,32,2013,53.4
Miguel Hidalgo,33,2013,48.49
Gustavo A. Madero,33,2013,11.97
Tlalpan,33,2013,72.79
Cuauhtémoc,33,2013,25.9
Tlalnepantla,33,2013,15.81
Ecatepec,33,2013,14.12
Cuajimalpa,33,2013,76.6
Nezahualcóyotl,33,2013,9.52
Texcoco,33,2013,8.4
Tlalpan,33,2013,72.7
Tlalpan,33,2013,62.51
Milpa Alta,33,2013,13.82
Xochimilco,33,2013,11.51
Gustavo A. Madero,33,2013,2.76
Miguel Hidalgo,34,2013,38.9
Gustavo A. Madero,34,2013,16.89
Tlalpan,34,2013,40.2
Cuauhtémoc,34,2013,32.8
Tlalnepantla,34,2013,27.48
Ecatepec,34,2013,22.6
Cuajimalpa,34,2013,71.1
Miguel Hidalgo,34,2013,23.99
Nezahualcóyotl,34,2013,33.8
Texcoco,34,2013,10.39
Tlalpan,34,2013,40
Tlalpan,34,2013,89.09
Milpa Alta,34,2013,76.91
Xochimilco,34,2013,65.7
Gustavo A. Madero,34,2013,20.42
Miguel Hidalgo,35,2013,97.8
Gustavo A. Madero,35,2013,30.85
Tlalpan,35,2013,31.16
Cuauhtémoc,35,2013,45.9
Tlalnepantla,35,2013,166.8
Ecatepec,35,2013,86.1
Cuajimalpa,35,2013,35.46
Miguel Hidalgo,35,2013,58.95
Nezahualcóyotl,35,2013,46.9
Texcoco,35,2013,35.31
Tlalpan,35,2013,49.9
Tlalpan,35,2013,74.3
Milpa Alta,35,2013,38.81
Xochimilco,35,2013,53.4
Gustavo A. Madero,35,2013,35
Miguel Hidalgo,36,2013,106.3
Gustavo A. Madero,36,2013,95.3
Tlalpan,36,2013,52.96
Cuauhtémoc,36,2013,96.6
Tlalnepantla,36,2013,87.01
Ecatepec,36,2013,60.7
Cuajimalpa,36,2013,56.03
Miguel Hidalgo,36,2013,103.8
Nezahualcóyotl,36,2013,88.4
Texcoco,36,2013,71.6
Tlalpan,36,2013,68.2
Tlalpan,36,2013,65.79
Milpa Alta,36,2013,59.5
Xochimilco,36,2013,94.87
Gustavo A. Madero,36,2013,109.3
Miguel Hidalgo,37,2013,57.7
Gustavo A. Madero,37,2013,28.71
Tlalpan,37,2013,18.42
Cuauhtémoc,37,2013,28.25
Tlalnepantla,37,2013,82.69
Ecatepec,37,2013,26.86
Cuajimalpa,37,2013,79.21
Miguel Hidalgo,37,2013,96.2
Nezahualcóyotl,37,2013,11.05
Texcoco,37,2013,24.25
Tlalpan,37,2013,26.86
Tlalpan,37,2013,54.03
Milpa Alta,37,2013,26.71
Xochimilco,37,2013,15.66
Gustavo A. Madero,37,2013,21
Miguel Hidalgo,38,2013,99.1
Gustavo A. Madero,38,2013,39.7
Tlalpan,38,2013,70.6
Cuauhtémoc,38,2013,39.1
Tlalnepantla,38,2013,54.4
Ecatepec,38,2013,43.3
Cuajimalpa,38,2013,172.1
Miguel Hidalgo,38,2013,81.01
Texcoco,38,2013,44.99
Tlalpan,38,2013,45.1
Milpa Alta,38,2013,16.59
Xochimilco,38,2013,24.61
Gustavo A. Madero,38,2013,40.1
Miguel Hidalgo,39,2013,14.6
Gustavo A. Madero,39,2013,24.1
Tlalpan,39,2013,38.1
Cuauhtémoc,39,2013,26.4
Tlalnepantla,39,2013,1.6
Ecatepec,39,2013,22.3
Cuajimalpa,39,2013,13.29
Nezahualcóyotl,39,2013,35.6
Texcoco,39,2013,20.09
Tlalpan,39,2013,23.79
Tlalpan,39,2013,4.3
Milpa Alta,39,2013,24.1
Xochimilco,39,2013,14
Gustavo A. Madero,39,2013,30.5
Miguel Hidalgo,40,2013,11.7
Gustavo A. Madero,40,2013,3.19
Tlalpan,40,2013,13.36
Cuauhtémoc,40,2013,6.6
Tlalnepantla,40,2013,13.05
Ecatepec,40,2013,6.6
Cuajimalpa,40,2013,11.21
Miguel Hidalgo,40,2013,16.7
Nezahualcóyotl,40,2013,0.77
Texcoco,40,2013,6
Tlalpan,40,2013,11.3
Tlalpan,40,2013,28.11
Milpa Alta,40,2013,6
Xochimilco,40,2013,13
Gustavo A. Madero,40,2013,5.5
Miguel Hidalgo,41,2013,28
Gustavo A. Madero,41,2013,23.19
Tlalpan,41,2013,7.11
Cuauhtémoc,41,2013,41.8
Ecatepec,41,2013,9.9
Cuajimalpa,41,2013,5.5
Miguel Hidalgo,41,2013,4.8
Nezahualcóyotl,41,2013,76.51
Texcoco,41,2013,1.9
Tlalpan,41,2013,7.6
Tlalpan,41,2013,6.45
Milpa Alta,41,2013,17.3
Xochimilco,41,2013,16.3
Gustavo A. Madero,41,2013,17.35
Miguel Hidalgo,42,2013,92.1
Gustavo A. Madero,42,2013,25.41
Cuauhtémoc,42,2013,23.19
Tlalnepantla,42,2013,58.1
Ecatepec,42,2013,15.2
Cuajimalpa,42,2013,90.57
Miguel Hidalgo,42,2013,69.4
Nezahualcóyotl,42,2013,5.53
Texcoco,42,2013,27.49
Tlalpan,42,2013,82.4
Tlalpan,42,2013,73.81
Milpa Alta,42,2013,20
Xochimilco,42,2013,33.3
Gustavo A. Madero,42,2013,58.95
Miguel Hidalgo,43,2013,4.3
Gustavo A. Madero,43,2013,28.31
Cuauhtémoc,43,2013,19.5
Ecatepec,43,2013,38.9
Cuajimalpa,43,2013,35.2
Miguel Hidalgo,43,2013,1.69
Nezahualcóyotl,43,2013,0.28
Texcoco,43,2013,15.8
Tlalpan,43,2013,6.29
Tlalpan,43,2013,11.05
Milpa Alta,43,2013,12.74
Xochimilco,43,2013,2.3
Gustavo A. Madero,43,2013,20.29
Gustavo A. Madero,44,2013,5.1
Cuauhtémoc,44,2013,4.45
Ecatepec,44,2013,15.6
Cuajimalpa,44,2013,2.46
Nezahualcóyotl,44,2013,5.37
Texcoco,44,2013,4.3
Tlalpan,44,2013,7.52
Tlalpan,44,2013,14.12
Milpa Alta,44,2013,8.14
Xochimilco,44,2013,19.65
Gustavo A. Madero,44,2013,2.92
Gustavo A. Madero,18,2014,12.89
Tlalpan,18,2014,26.71
Cuauhtémoc,18,2014,22.1
Tlalnepantla,18,2014,16.12
Ecatepec,18,2014,13.2
Miguel Hidalgo,18,2014,14.28
Nezahualcóyotl,18,2014,10.75
Texcoco,18,2014,13.66
Tlalpan,18,2014,23.64
Milpa Alta,18,2014,25.33
Xochimilco,18,2014,8.44
Gustavo A. Madero,19,2014,11.67
Tlalpan,19,2014,16.58
Cuauhtémoc,19,2014,10.13
Tlalnepantla,19,2014,14.12
Ecatepec,19,2014,12.59
Cuajimalpa,19,2014,45.13
Miguel Hidalgo,19,2014,23.33
Nezahualcóyotl,19,2014,8.9
Texcoco,19,2014,31.78
Tlalpan,19,2014,23.03
Tlalpan,19,2014,10.28
Milpa Alta,19,2014,8.14
Xochimilco,19,2014,6.45
Gustavo A. Madero,19,2014,9.82
Gustavo A. Madero,20,2014,3.53
Cuauhtémoc,20,2014,11.21
Ecatepec,20,2014,3.38
Cuajimalpa,20,2014,19.03
Nezahualcóyotl,20,2014,9.06
Texcoco,20,2014,8.75
Milpa Alta,20,2014,12.89
Xochimilco,20,2014,7.83
Gustavo A. Madero,20,2014,5.68
Miguel Hidalgo,21,2014,86.58
Gustavo A. Madero,21,2014,5.37
Tlalpan,21,2014,31.93
Cuauhtémoc,21,2014,22.41
Tlalnepantla,21,2014,25.02
Ecatepec,21,2014,11.67
Cuajimalpa,21,2014,46.36
Miguel Hidalgo,21,2014,86.73
Nezahualcóyotl,21,2014,9.21
Texcoco,21,2014,3.99
Tlalpan,21,2014,51.58
Tlalpan,21,2014,111.45
Milpa Alta,21,2014,11.05
Magdalena Contreras,21,2014,30.09
Xochimilco,21,2014,11.05
Gustavo A. Madero,21,2014,19.96
Miguel Hidalgo,22,2014,52.96
Gustavo A. Madero,22,2014,17.65
Tlalpan,22,2014,15.2
Cuauhtémoc,22,2014,28.09
Tlalnepantla,22,2014,24.41
Ecatepec,22,2014,13.82
Cuajimalpa,22,2014,84.27
Miguel Hidalgo,22,2014,45.44
Nezahualcóyotl,22,2014,70.77
Texcoco,22,2014,23.03
Tlalpan,22,2014,30.39
Milpa Alta,22,2014,49.58
Magdalena Contreras,22,2014,51.89
Xochimilco,22,2014,36.07
Gustavo A. Madero,22,2014,28.71
Miguel Hidalgo,23,2014,64.63
Gustavo A. Madero,23,2014,16.43
Tlalpan,23,2014,44.82
Cuauhtémoc,23,2014,30.7
Tlalnepantla,23,2014,60.63
Ecatepec,23,2014,28.86
Cuajimalpa,23,2014,66.62
Miguel Hidalgo,23,2014,31.47
Nezahualcóyotl,23,2014,12.43
Texcoco,23,2014,13.51
Tlalpan,23,2014,60.79
Milpa Alta,23,2014,15.04
Magdalena Contreras,23,2014,58.79
Xochimilco,23,2014,27.78
Gustavo A. Madero,23,2014,22.87
Miguel Hidalgo,24,2014,36.23
Gustavo A. Madero,24,2014,21.95
Tlalpan,24,2014,9.21
Cuauhtémoc,24,2014,39.14
Tlalnepantla,24,2014,56.8
Ecatepec,24,2014,27.17
Cuajimalpa,24,2014,29.78
Miguel Hidalgo,24,2014,71.23
Nezahualcóyotl,24,2014,1.38
Texcoco,24,2014,9.82
Tlalpan,24,2014,4.61
Tlalpan,24,2014,34.85
Milpa Alta,24,2014,34.23
Xochimilco,24,2014,26.4
Gustavo A. Madero,24,2014,10.28
Miguel Hidalgo,25,2014,137.54
Gustavo A. Madero,25,2014,111.29
Tlalpan,25,2014,54.96
Cuauhtémoc,25,2014,115.9
Tlalnepantla,25,2014,142.3
Ecatepec,25,2014,109.14
Cuajimalpa,25,2014,79.06
Miguel Hidalgo,25,2014,145.98
Nezahualcóyotl,25,2014,98.55
Texcoco,25,2014,76.14
Tlalpan,25,2014,66.47
Tlalpan,25,2014,77.21
Milpa Alta,25,2014,54.8
Xochimilco,25,2014,38.68
Gustavo A. Madero,25,2014,109.6
Miguel Hidalgo,26,2014,33.46
Gustavo A. Madero,26,2014,110.83
Tlalpan,26,2014,28.71
Cuauhtémoc,26,2014,58.33
Tlalnepantla,26,2014,65.85
Ecatepec,26,2014,74.14
Cuajimalpa,26,2014,46.05
Miguel Hidalgo,26,2014,31.47
Nezahualcóyotl,26,2014,34.85
Texcoco,26,2014,18.27
Tlalpan,26,2014,48.2
Tlalpan,26,2014,37.92
Milpa Alta,26,2014,29.78
Magdalena Contreras,26,2014,31.93
Xochimilco,26,2014,48.66
Gustavo A. Madero,26,2014,173.46
Miguel Hidalgo,27,2014,55.88
Gustavo A. Madero,27,2014,52.04
Tlalpan,27,2014,84.74
Cuauhtémoc,27,2014,53.42
Tlalnepantla,27,2014,60.33
Ecatepec,27,2014,53.73
Cuajimalpa,27,2014,65.7
Miguel Hidalgo,27,2014,65.55
Nezahualcóyotl,27,2014,46.67
Texcoco,27,2014,96.71
Tlalpan,27,2014,73.53
Tlalpan,27,2014,83.35
Milpa Alta,27,2014,34.23
Magdalena Contreras,27,2014,88.57
Xochimilco,27,2014,31.16
Gustavo A. Madero,27,2014,44.06
Miguel Hidalgo,28,2014,54.03
Gustavo A. Madero,28,2014,50.66
Tlalpan,28,2014,13.51
Cuauhtémoc,28,2014,24.41
Tlalnepantla,28,2014,36.38
Ecatepec,28,2014,36.53
Cuajimalpa,28,2014,48.35
Miguel Hidalgo,28,2014,30.39
Texcoco,28,2014,27.94
Tlalpan,28,2014,58.49
Tlalpan,28,2014,20.42
Milpa Alta,28,2014,15.66
Magdalena Contreras,28,2014,57.26
Xochimilco,28,2014,25.79
Gustavo A. Madero,29,2014,92.87
Tlalpan,29,2014,8.44
Cuauhtémoc,29,2014,55.57
Tlalnepantla,29,2014,26.4
Ecatepec,29,2014,73.68
Cuajimalpa,29,2014,9.67
Miguel Hidalgo,29,2014,40.22
Tlalpan,29,2014,31.47
Tlalpan,29,2014,23.33
Milpa Alta,29,2014,15.81
Magdalena Contreras,29,2014,44.21
Gustavo A. Madero,29,2014,84.89
Gustavo A. Madero,30,2014,10.75
Tlalpan,30,2014,41.14
Cuauhtémoc,30,2014,22.57
Tlalnepantla,30,2014,30.24
Ecatepec,30,2014,3.22
Cuajimalpa,30,2014,62.02
Miguel Hidalgo,30,2014,10.9
Nezahualcóyotl,30,2014,28.71
Tlalpan,30,2014,56.34
Tlalpan,30,2014,26.86
Milpa Alta,30,2014,38.07
Magdalena Contreras,30,2014,62.02
Gustavo A. Madero,30,2014,10.28
Miguel Hidalgo,31,2014,13.36
Gustavo A. Madero,31,2014,3.53
Tlalpan,31,2014,9.82
Cuauhtémoc,31,2014,0.84
Tlalnepantla,31,2014,18.73
Ecatepec,31,2014,33.62
Cuajimalpa,31,2014,27.63
Miguel Hidalgo,31,2014,2.15
Nezahualcóyotl,31,2014,6.45
Tlalpan,31,2014,20.57
Tlalpan,31,2014,18.11
Milpa Alta,31,2014,4.61
Magdalena Contreras,31,2014,24.41
Xochimilco,31,2014,2.76
Gustavo A. Madero,31,2014,5.37
Miguel Hidalgo,32,2014,63.24
Gustavo A. Madero,32,2014,19.8
Tlalpan,32,2014,80.28
Cuauhtémoc,32,2014,56.95
Tlalnepantla,32,2014,13.82
Ecatepec,32,2014,22.87
Cuajimalpa,32,2014,94.87
Miguel Hidalgo,32,2014,29.17
Texcoco,32,2014,35.92
Tlalpan,32,2014,52.19
Tlalpan,32,2014,55.72
Milpa Alta,32,2014,19.96
Magdalena Contreras,32,2014,44.98
Xochimilco,32,2014,28.25
Gustavo A. Madero,32,2014,21.64
Miguel Hidalgo,33,2014,98.09
Gustavo A. Madero,33,2014,61.71
Tlalpan,33,2014,36.07
Cuauhtémoc,33,2014,46.36
Tlalnepantla,33,2014,55.57
Ecatepec,33,2014,9.98
Cuajimalpa,33,2014,42.98
Miguel Hidalgo,33,2014,108.38
Nezahualcóyotl,33,2014,68.77
Texcoco,33,2014,41.14
Tlalpan,33,2014,25.79
Tlalpan,33,2014,28.71
Milpa Alta,33,2014,23.95
Magdalena Contreras,33,2014,37.92
Xochimilco,33,2014,32.24
Gustavo A. Madero,33,2014,57.41
Miguel Hidalgo,34,2014,35.92
Gustavo A. Madero,34,2014,32.54
Tlalpan,34,2014,29.01
Cuauhtémoc,34,2014,22.57
Tlalnepantla,34,2014,29.63
Ecatepec,34,2014,37.46
Cuajimalpa,34,2014,38.84
Miguel Hidalgo,34,2014,18.73
Nezahualcóyotl,34,2014,32.7
Texcoco,34,2014,23.49
Tlalpan,34,2014,18.42
Tlalpan,34,2014,31.78
Milpa Alta,34,2014,3.38
Magdalena Contreras,34,2014,29.17
Xochimilco,34,2014,8.9
Gustavo A. Madero,34,2014,30.7
Miguel Hidalgo,35,2014,161.49
Gustavo A. Madero,35,2014,13.36
Tlalpan,35,2014,68.92
Cuauhtémoc,35,2014,64.93
Tlalnepantla,35,2014,35.77
Ecatepec,35,2014,7.21
Cuajimalpa,35,2014,85.35
Miguel Hidalgo,35,2014,152.28
Nezahualcóyotl,35,2014,11.05
Texcoco,35,2014,1.07
Tlalpan,35,2014,73.22
Tlalpan,35,2014,70.92
Milpa Alta,35,2014,33.31
Magdalena Contreras,35,2014,70.61
Xochimilco,35,2014,21.34
Gustavo A. Madero,35,2014,22.26
Miguel Hidalgo,36,2014,53.27
Gustavo A. Madero,36,2014,36.69
Tlalpan,36,2014,14.12
Cuauhtémoc,36,2014,40.99
Ecatepec,36,2014,41.14
Cuajimalpa,36,2014,65.55
Miguel Hidalgo,36,2014,46.51
Nezahualcóyotl,36,2014,34.23
Texcoco,36,2014,16.89
Tlalpan,36,2014,28.71
Tlalpan,36,2014,43.14
Milpa Alta,36,2014,12.59
Magdalena Contreras,36,2014,44.82
Xochimilco,36,2014,11.05
Gustavo A. Madero,36,2014,38.99
Miguel Hidalgo,37,2014,37.76
Gustavo A. Madero,37,2014,54.03
Tlalpan,37,2014,36.53
Cuauhtémoc,37,2014,16.43
Tlalnepantla,37,2014,39.3
Ecatepec,37,2014,19.5
Cuajimalpa,37,2014,35.92
Miguel Hidalgo,37,2014,14.58
Texcoco,37,2014,24.25
Tlalpan,37,2014,48.66
Tlalpan,37,2014,29.63
Milpa Alta,37,2014,55.26
Magdalena Contreras,37,2014,48.2
Xochimilco,37,2014,33.31
Gustavo A. Madero,37,2014,81.05
Miguel Hidalgo,38,2014,40.22
Gustavo A. Madero,38,2014,3.07
Tlalpan,38,2014,14.28
Cuauhtémoc,38,2014,15.5
Tlalnepantla,38,2014,8.9
Ecatepec,38,2014,8.29
Cuajimalpa,38,2014,87.04
Miguel Hidalgo,38,2014,19.03
Texcoco,38,2014,12.13
Tlalpan,38,2014,19.19
Tlalpan,38,2014,53.88
Milpa Alta,38,2014,2.92
Magdalena Contreras,38,2014,35.15
Xochimilco,38,2014,18.11
Gustavo A. Madero,38,2014,2.15
Miguel Hidalgo,39,2014,39.76
Gustavo A. Madero,39,2014,19.03
Tlalpan,39,2014,33.16
Cuauhtémoc,39,2014,18.73
Tlalnepantla,39,2014,39.45
Ecatepec,39,2014,9.67
Cuajimalpa,39,2014,66.47
Miguel Hidalgo,39,2014,52.81
Nezahualcóyotl,39,2014,24.71
Texcoco,39,2014,13.36
Tlalpan,39,2014,91.64
Tlalpan,39,2014,77.06
Milpa Alta,39,2014,67.54
Magdalena Contreras,39,2014,123.11
Xochimilco,39,2014,43.6
Gustavo A. Madero,39,2014,11.67
Miguel Hidalgo,40,2014,107.76
Gustavo A. Madero,40,2014,86.27
Tlalpan,40,2014,70
Cuauhtémoc,40,2014,102.54
Tlalnepantla,40,2014,69.38
Ecatepec,40,2014,52.65
Cuajimalpa,40,2014,8.75
Miguel Hidalgo,40,2014,114.67
Nezahualcóyotl,40,2014,85.04
Texcoco,40,2014,70.77
Tlalpan,40,2014,45.44
Tlalpan,40,2014,75.83
Milpa Alta,40,2014,53.88
Magdalena Contreras,40,2014,68.92
Xochimilco,40,2014,35.31
Gustavo A. Madero,40,2014,87.19
Miguel Hidalgo,41,2014,36.53
Gustavo A. Madero,41,2014,71.23
Tlalpan,41,2014,13.2
Cuauhtémoc,41,2014,49.28
Tlalnepantla,41,2014,37.61
Ecatepec,41,2014,41.45
Cuajimalpa,41,2014,8.29
Miguel Hidalgo,41,2014,34.85
Nezahualcóyotl,41,2014,24.25
Texcoco,41,2014,64.17
Tlalpan,41,2014,14.89
Tlalpan,41,2014,2.15
Milpa Alta,41,2014,30.85
Magdalena Contreras,41,2014,12.59
Xochimilco,41,2014,5.68
Gustavo A. Madero,41,2014,55.11
Miguel Hidalgo,42,2014,34.08
Gustavo A. Madero,42,2014,19.96
Tlalpan,42,2014,58.33
Cuauhtémoc,42,2014,42.21
Tlalnepantla,42,2014,30.7
Ecatepec,42,2014,5.07
Cuajimalpa,42,2014,74.14
Miguel Hidalgo,42,2014,25.64
Nezahualcóyotl,42,2014,23.79
Texcoco,42,2014,10.13
Tlalpan,42,2014,71.07
Tlalpan,42,2014,77.21
Milpa Alta,42,2014,21.49
Magdalena Contreras,42,2014,121.42
Xochimilco,42,2014,22.72
Gustavo A. Madero,42,2014,13.51
Miguel Hidalgo,43,2014,0.52
Gustavo A. Madero,43,2014,9.82
Tlalpan,43,2014,0.45
Cuauhtémoc,43,2014,0.68
Ecatepec,43,2014,12.74
Nezahualcóyotl,43,2014,5.22
Texcoco,43,2014,5.68
Tlalpan,43,2014,1.69
Milpa Alta,43,2014,0.71
Magdalena Contreras,43,2014,2.3
Xochimilco,43,2014,0.6
Gustavo A. Madero,43,2014,13.36
Miguel Hidalgo,17,2019,3.3
Gustavo A. Madero,17,2019,2.9
Tlalpan,17,2019,0.4
Cuauhtémoc,17,2019,12.2
Tlalnepantla,17,2019,0.5
Ecatepec,17,2019,2.5
Cuajimalpa,17,2019,7.1
Miguel Hidalgo,17,2019,3.9
Nezahualcóyotl,17,2019,13.7
Tlalpan,17,2019,1.5
Tlalpan,17,2019,1.3
Milpa Alta,17,2019,26.2
Magdalena Contreras,17,2019,7.4
Xochimilco,17,2019,7.7
Gustavo A. Madero,17,2019,3.1
Miguel Hidalgo,18,2019,3.6
Tlalpan,18,2019,8.4
Cuauhtémoc,18,2019,0.3
Tlalnepantla,18,2019,5.4
Ecatepec,18,2019,1
Cuajimalpa,18,2019,6.3
Miguel Hidalgo,18,2019,0.9
Tlalpan,18,2019,4.9
Tlalpan,18,2019,8.6
Milpa Alta,18,2019,6.8
Magdalena Contreras,18,2019,1.4
Xochimilco,18,2019,8.4
Cuauhtémoc,23,2019,22.9
Milpa Alta,23,2019,1.4
Xochimilco,23,2019,2.8
Miguel Hidalgo,20,2019,4.9
Gustavo A. Madero,20,2019,20.2
Tlalpan,20,2019,9.4
Cuauhtémoc,20,2019,6.5
Tlalnepantla,20,2019,12.9
Ecatepec,20,2019,10.1
Cuajimalpa,20,2019,8.5
Miguel Hidalgo,20,2019,6.6
Nezahualcóyotl,20,2019,11.9
Texcoco,20,2019,11.1
Tlalpan,20,2019,9.4
Tlalpan,20,2019,4.1
Milpa Alta,20,2019,17.2
Magdalena Contreras,20,2019,11.8
Xochimilco,20,2019,27.9
Gustavo A. Madero,20,2019,14.8
Miguel Hidalgo,21,2019,8.1
Gustavo A. Madero,21,2019,1.2
Tlalpan,21,2019,7.9
Cuauhtémoc,21,2019,2
Tlalnepantla,21,2019,2.7
Cuajimalpa,21,2019,29.4
Miguel Hidalgo,21,2019,3.3
Nezahualcóyotl,21,2019,2.4
Texcoco,21,2019,11.5
Tlalpan,21,2019,10.7
Tlalpan,21,2019,60.2
Milpa Alta,21,2019,7.5
Magdalena Contreras,21,2019,21.9
Xochimilco,21,2019,7.1
Gustavo A. Madero,21,2019,1.5
Miguel Hidalgo,22,2019,7.9
Gustavo A. Madero,22,2019,7
Tlalpan,22,2019,8.6
Cuauhtémoc,22,2019,29.2
Ecatepec,22,2019,2.8
Cuajimalpa,22,2019,11.6
Miguel Hidalgo,22,2019,5.6
Nezahualcóyotl,22,2019,3.2
Texcoco,22,2019,22.1
Tlalpan,22,2019,12.4
Tlalpan,22,2019,17.5
Milpa Alta,22,2019,18
Magdalena Contreras,22,2019,21.8
Xochimilco,22,2019,31.9
Gustavo A. Madero,22,2019,1.8
Miguel Hidalgo,10,2019,63.8
Gustavo A. Madero,10,2019,50.8
Tlalpan,10,2019,60.2
Cuauhtémoc,10,2019,41.4
Tlalnepantla,10,2019,27.6
Ecatepec,10,2019,51.9
Cuajimalpa,10,2019,43.5
Miguel Hidalgo,10,2019,63.1
Nezahualcóyotl,10,2019,64.8
Texcoco,10,2019,44.5
Tlalpan,10,2019,59.7
Tlalpan,10,2019,51.6
Milpa Alta,10,2019,31.9
Magdalena Contreras,10,2019,61.5
Xochimilco,10,2019,16.6
Gustavo A. Madero,10,2019,75.9
Miguel Hidalgo,40,2019,11.7
Gustavo A. Madero,40,2019,3.4
Tlalpan,40,2019,44.7
Cuauhtémoc,40,2019,17.8
Tlalnepantla,40,2019,25.7
Ecatepec,40,2019,47.1
Cuajimalpa,40,2019,18.7
Miguel Hidalgo,40,2019,13.7
Nezahualcóyotl,40,2019,14.2
Texcoco,40,2019,22
Tlalpan,40,2019,17.8
Tlalpan,40,2019,3.7
Milpa Alta,40,2019,17.2
Magdalena Contreras,40,2019,29.5
Xochimilco,40,2019,18.8
Gustavo A. Madero,40,2019,21.3
Miguel Hidalgo,25,2019,31
Gustavo A. Madero,25,2019,66.1
Tlalpan,25,2019,47.5
Cuauhtémoc,25,2019,67.8
Tlalnepantla,25,2019,37.5
Ecatepec,25,2019,171.9
Cuajimalpa,25,2019,71.7
Miguel Hidalgo,25,2019,39.9
Nezahualcóyotl,25,2019,40.4
Texcoco,25,2019,26
Tlalpan,25,2019,42.3
Tlalpan,25,2019,59.4
Milpa Alta,25,2019,24.3
Magdalena Contreras,25,2019,51.3
Xochimilco,25,2019,42.9
Gustavo A. Madero,25,2019,44.6
Miguel Hidalgo,26,2019,18.8
Gustavo A. Madero,26,2019,30.2
Tlalpan,26,2019,23.6
Cuauhtémoc,26,2019,29.2
Tlalnepantla,26,2019,10.5
Ecatepec,26,2019,29.5
Cuajimalpa,26,2019,57.6
Miguel Hidalgo,26,2019,14.2
Nezahualcóyotl,26,2019,41.7
Texcoco,26,2019,54.1
Tlalpan,26,2019,33.3
Tlalpan,26,2019,41.4
Milpa Alta,26,2019,31.9
Magdalena Contreras,26,2019,38.4
Xochimilco,26,2019,36.9
Gustavo A. Madero,26,2019,21.9
Miguel Hidalgo,2,2019,65.5
Gustavo A. Madero,2,2019,17.1
Tlalpan,2,2019,17.3
Cuauhtémoc,2,2019,35.3
Tlalnepantla,2,2019,47.7
Ecatepec,2,2019,17.7
Cuajimalpa,2,2019,38.8
Miguel Hidalgo,2,2019,44.8
Nezahualcóyotl,2,2019,16.4
Texcoco,2,2019,5.8
Tlalpan,2,2019,28.5
Tlalpan,2,2019,30.5
Milpa Alta,2,2019,32.4
Magdalena Contreras,2,2019,40.6
Xochimilco,2,2019,9.2
Gustavo A. Madero,2,2019,25.1
Miguel Hidalgo,32,2019,83.3
Gustavo A. Madero,32,2019,27.3
Tlalpan,32,2019,82
Cuauhtémoc,32,2019,44.7
Tlalnepantla,32,2019,93.9
Ecatepec,32,2019,57.9
Cuajimalpa,32,2019,48.3
Miguel Hidalgo,32,2019,54.1
Nezahualcóyotl,32,2019,37.6
Texcoco,32,2019,9.3
Tlalpan,32,2019,26.8
Tlalpan,32,2019,129
Milpa Alta,32,2019,10.3
Magdalena Contreras,32,2019,30.9
Xochimilco,32,2019,16.6
Gustavo A. Madero,32,2019,17.2
Miguel Hidalgo,29,2019,132.3
Gustavo A. Madero,29,2019,60.5
Tlalpan,29,2019,107.4
Cuauhtémoc,29,2019,40.2
Tlalnepantla,29,2019,30.1
Ecatepec,29,2019,51.1
Cuajimalpa,29,2019,43
Miguel Hidalgo,29,2019,52.3
Nezahualcóyotl,29,2019,19.6
Texcoco,29,2019,11.1
Tlalpan,29,2019,66.3
Tlalpan,29,2019,15.5
Milpa Alta,29,2019,20.9
Magdalena Contreras,29,2019,35.8
Xochimilco,29,2019,30.4
Gustavo A. Madero,29,2019,40
Miguel Hidalgo,30,2019,122.6
Gustavo A. Madero,30,2019,20.5
Tlalpan,30,2019,35.3
Cuauhtémoc,30,2019,90.3
Tlalnepantla,30,2019,75.5
Ecatepec,30,2019,28.7
Cuajimalpa,30,2019,77.9
Miguel Hidalgo,30,2019,100.6
Nezahualcóyotl,30,2019,67.1
Texcoco,30,2019,18.9
Tlalpan,30,2019,56.7
Tlalpan,30,2019,53.3
Milpa Alta,30,2019,22.7
Magdalena Contreras,30,2019,73.1
Xochimilco,30,2019,24.5
Gustavo A. Madero,30,2019,40.9
Miguel Hidalgo,31,2019,36.1
Gustavo A. Madero,31,2019,11.2
Tlalpan,31,2019,58.2
Cuauhtémoc,31,2019,34.7
Tlalnepantla,31,2019,25.1
Ecatepec,31,2019,9.5
Cuajimalpa,31,2019,46.9
Miguel Hidalgo,31,2019,25.1
Nezahualcóyotl,31,2019,27.9
Texcoco,31,2019,10.7
Tlalpan,31,2019,44.2
Tlalpan,31,2019,60.7
Milpa Alta,31,2019,80.6
Magdalena Contreras,31,2019,68.2
Xochimilco,31,2019,29.9
Gustavo A. Madero,31,2019,25.6
Miguel Hidalgo,19,2019,57.4
Gustavo A. Madero,19,2019,62
Tlalpan,19,2019,72.9
Cuauhtémoc,19,2019,33.2
Tlalnepantla,19,2019,42.9
Ecatepec,19,2019,16.7
Cuajimalpa,19,2019,78.3
Miguel Hidalgo,19,2019,52.6
Nezahualcóyotl,19,2019,66
Texcoco,19,2019,0.2
Tlalpan,19,2019,68.4
Tlalpan,19,2019,67.8
Milpa Alta,19,2019,5.5
Magdalena Contreras,19,2019,59.7
Xochimilco,19,2019,10.1
Gustavo A. Madero,19,2019,66.8
Miguel Hidalgo,49,2019,22.4
Gustavo A. Madero,49,2019,0.2
Tlalpan,49,2019,38.5
Tlalnepantla,49,2019,3.5
Ecatepec,49,2019,1.8
Cuajimalpa,49,2019,55.3
Miguel Hidalgo,49,2019,8
Nezahualcóyotl,49,2019,2.5
Texcoco,49,2019,1.4
Tlalpan,49,2019,65.2
Tlalpan,49,2019,14.9
Milpa Alta,49,2019,0.8
Magdalena Contreras,49,2019,95.3
Xochimilco,49,2019,1.4
Gustavo A. Madero,49,2019,0.3
Miguel Hidalgo,34,2019,15
Gustavo A. Madero,34,2019,14.1
Tlalpan,34,2019,33.5
Cuauhtémoc,34,2019,11.8
Tlalnepantla,34,2019,37.5
Ecatepec,34,2019,3
Cuajimalpa,34,2019,66.5
Miguel Hidalgo,34,2019,21.1
Nezahualcóyotl,34,2019,21.3
Texcoco,34,2019,0.8
Tlalpan,34,2019,41.1
Tlalpan,34,2019,30.2
Milpa Alta,34,2019,27.9
Magdalena Contreras,34,2019,65.5
Xochimilco,34,2019,18.3
Gustavo A. Madero,34,2019,9.6
Miguel Hidalgo,35,2019,3.1
Gustavo A. Madero,35,2019,0.2
Tlalpan,35,2019,21.8
Tlalnepantla,35,2019,9.9
Cuajimalpa,35,2019,21.9
Miguel Hidalgo,35,2019,3.3
Nezahualcóyotl,35,2019,2
Texcoco,35,2019,8.3
Tlalpan,35,2019,28.8
Tlalpan,35,2019,6.4
Magdalena Contreras,35,2019,5.3
Xochimilco,35,2019,1.4
Gustavo A. Madero,35,2019,6.1
Miguel Hidalgo,6,2019,21.6
Gustavo A. Madero,6,2019,9.2
Tlalpan,6,2019,7.6
Cuauhtémoc,6,2019,30.7
Tlalnepantla,6,2019,13.9
Ecatepec,6,2019,8.9
Cuajimalpa,6,2019,9.4
Miguel Hidalgo,6,2019,16.5
Nezahualcóyotl,6,2019,26.7
Texcoco,6,2019,2.6
Tlalpan,6,2019,12.9
Tlalpan,6,2019,14.1
Milpa Alta,6,2019,15.8
Magdalena Contreras,6,2019,6.4
Xochimilco,6,2019,9.2
Gustavo A. Madero,6,2019,22.9
Miguel Hidalgo,37,2019,99.8
Gustavo A. Madero,37,2019,28.2
Tlalpan,37,2019,23.1
Cuauhtémoc,37,2019,125.9
Tlalnepantla,37,2019,40.9
Ecatepec,37,2019,26.7
Cuajimalpa,37,2019,61.1
Miguel Hidalgo,37,2019,62.2
Nezahualcóyotl,37,2019,9.9
Texcoco,37,2019,13.6
Tlalpan,37,2019,21.4
Tlalpan,37,2019,38.4
Milpa Alta,37,2019,24.8
Magdalena Contreras,37,2019,30.8
Xochimilco,37,2019,22.4
Gustavo A. Madero,37,2019,27.9
Miguel Hidalgo,38,2019,30
Gustavo A. Madero,38,2019,58.6
Tlalpan,38,2019,56.4
Cuauhtémoc,38,2019,70.9
Tlalnepantla,38,2019,10.9
Ecatepec,38,2019,16.3
Cuajimalpa,38,2019,53.3
Miguel Hidalgo,38,2019,28.2
Nezahualcóyotl,38,2019,21.6
Texcoco,38,2019,8.7
Tlalpan,38,2019,64.8
Tlalpan,38,2019,52.5
Milpa Alta,38,2019,9.8
Magdalena Contreras,38,2019,74
Xochimilco,38,2019,16.4
Gustavo A. Madero,38,2019,42.2
Miguel Hidalgo,39,2019,32.5
Gustavo A. Madero,39,2019,36.1
Tlalpan,39,2019,16.5
Cuauhtémoc,39,2019,33.8
Tlalnepantla,39,2019,7.6
Ecatepec,39,2019,46
Cuajimalpa,39,2019,45.8
Miguel Hidalgo,39,2019,34.3
Nezahualcóyotl,39,2019,27.4
Texcoco,39,2019,34.3
Tlalpan,39,2019,10.3
Tlalpan,39,2019,48.7
Milpa Alta,39,2019,47.9
Magdalena Contreras,39,2019,21.7
Xochimilco,39,2019,26.1
Gustavo A. Madero,39,2019,20.3
Miguel Hidalgo,40,2019,23.9
Gustavo A. Madero,40,2019,3.3
Tlalpan,40,2019,52.5
Cuauhtémoc,40,2019,3
Tlalnepantla,40,2019,2.6
Ecatepec,40,2019,2.8
Cuajimalpa,40,2019,73.3
Miguel Hidalgo,40,2019,15.5
Tlalpan,40,2019,51.3
Tlalpan,40,2019,91.5
Milpa Alta,40,2019,12.6
Magdalena Contreras,40,2019,43
Xochimilco,40,2019,1.5
Gustavo A. Madero,40,2019,0.2
Gustavo A. Madero,28,2019,12.6
Tlalpan,28,2019,2.5
Cuauhtémoc,28,2019,18.7
Tlalnepantla,28,2019,3
Ecatepec,28,2019,11.1
Cuajimalpa,28,2019,15.6
Miguel Hidalgo,28,2019,10.7
Nezahualcóyotl,28,2019,7.1
Texcoco,28,2019,8.9
Tlalpan,28,2019,7
Milpa Alta,28,2019,39.9
Magdalena Contreras,28,2019,6.9
Xochimilco,28,2019,15.1
Miguel Hidalgo,42,2019,36.2
Gustavo A. Madero,42,2019,15.7
Tlalpan,42,2019,23
Cuauhtémoc,42,2019,11.8
Ecatepec,42,2019,12.2
Cuajimalpa,42,2019,74
Miguel Hidalgo,42,2019,20
Nezahualcóyotl,42,2019,36.4
Texcoco,42,2019,20.3
Tlalpan,42,2019,37.6
Tlalpan,42,2019,49.4
Milpa Alta,42,2019,8
Magdalena Contreras,42,2019,42.8
Xochimilco,42,2019,2
Gustavo A. Madero,42,2019,18.7
Miguel Hidalgo,43,2019,56.1
Gustavo A. Madero,43,2019,38.5
Tlalpan,43,2019,63.8
Cuauhtémoc,43,2019,55.6
Tlalnepantla,43,2019,31.4
Ecatepec,43,2019,30.2
Cuajimalpa,43,2019,52.8
Miguel Hidalgo,43,2019,57.7
Nezahualcóyotl,43,2019,15.7
Texcoco,43,2019,13.1
Tlalpan,43,2019,57.5
Tlalpan,43,2019,65.1
Milpa Alta,43,2019,15.8
Magdalena Contreras,43,2019,67.3
Xochimilco,43,2019,15.4
Gustavo A. Madero,43,2019,57.1
Miguel Hidalgo,44,2019,12.2
Tlalpan,44,2019,22.1
Cuauhtémoc,44,2019,26.4
Tlalnepantla,44,2019,28
Ecatepec,44,2019,35.6
Cuajimalpa,44,2019,35.3
Miguel Hidalgo,44,2019,25.9
Nezahualcóyotl,44,2019,21.8
Texcoco,44,2019,5.7
Tlalpan,44,2019,19.1
Tlalpan,44,2019,41.8
Milpa Alta,44,2019,11.1
Magdalena Contreras,44,2019,36.2
Xochimilco,44,2019,2.9
Gustavo A. Madero,44,2019,34.1
Miguel Hidalgo,15,2019,9.9
Tlalpan,15,2019,2
Tlalnepantla,15,2019,0.6
Ecatepec,15,2019,0.2
Cuajimalpa,15,2019,9.2
Miguel Hidalgo,15,2019,15.5
Texcoco,15,2019,11.7
Tlalpan,15,2019,5.8
Tlalpan,15,2019,6.8
Magdalena Contreras,15,2019,6.7
Xochimilco,15,2019,1.7
Miguel Hidalgo,46,2019,3.6
Tlalpan,46,2019,3.5
Tlalnepantla,46,2019,2.2
Cuajimalpa,46,2019,3.8
Miguel Hidalgo,46,2019,2.5
Tlalpan,46,2019,1.8
Magdalena Contreras,46,2019,1.6
Gustavo A. Madero,19,2017,5.53
Tlalpan,19,2017,14.12
Cuauhtémoc,19,2017,4.91
Ecatepec,19,2017,22.87
Nezahualcóyotl,19,2017,5.22
Texcoco,19,2017,3.68
Tlalpan,19,2017,11.97
Tlalpan,19,2017,1.69
Milpa Alta,19,2017,1.54
Magdalena Contreras,19,2017,19.34
Gustavo A. Madero,19,2017,7.37
Miguel Hidalgo,20,2017,0.69
Gustavo A. Madero,20,2017,2.46
Tlalpan,20,2017,25.48
Cuauhtémoc,20,2017,6.45
Tlalnepantla,20,2017,15.66
Ecatepec,20,2017,1.54
Cuajimalpa,20,2017,22.41
Miguel Hidalgo,20,2017,28.25
Nezahualcóyotl,20,2017,0.49
Texcoco,20,2017,5.5
Tlalpan,20,2017,37.76
Tlalpan,20,2017,19.34
Milpa Alta,20,2017,2.61
Magdalena Contreras,20,2017,19.03
Xochimilco,20,2017,1.69
Gustavo A. Madero,20,2017,0.46
Miguel Hidalgo,21,2017,5.68
Gustavo A. Madero,21,2017,19.19
Tlalpan,21,2017,76.45
Cuauhtémoc,21,2017,30.39
Tlalnepantla,21,2017,4.14
Ecatepec,21,2017,15.66
Cuajimalpa,21,2017,80.59
Miguel Hidalgo,21,2017,6.75
Nezahualcóyotl,21,2017,0.84
Texcoco,21,2017,34.85
Tlalpan,21,2017,88.42
Tlalpan,21,2017,81.97
Milpa Alta,21,2017,42.06
Magdalena Contreras,21,2017,103.46
Xochimilco,21,2017,18.73
Gustavo A. Madero,21,2017,22.87
Miguel Hidalgo,22,2017,56.03
Gustavo A. Madero,22,2017,3.07
Tlalpan,22,2017,10.13
Cuauhtémoc,22,2017,2
Tlalnepantla,22,2017,39.76
Ecatepec,22,2017,2.3
Cuajimalpa,22,2017,14.12
Miguel Hidalgo,22,2017,42.52
Nezahualcóyotl,22,2017,1.38
Texcoco,22,2017,0.49
Tlalpan,22,2017,27.94
Tlalpan,22,2017,83.2
Milpa Alta,22,2017,18.57
Magdalena Contreras,22,2017,35.61
Xochimilco,22,2017,10.44
Gustavo A. Madero,22,2017,5.53
Miguel Hidalgo,23,2017,71.23
Gustavo A. Madero,23,2017,52.5
Tlalpan,23,2017,34.69
Cuauhtémoc,23,2017,41.29
Tlalnepantla,23,2017,46.97
Ecatepec,23,2017,42.06
Cuajimalpa,23,2017,15.04
Miguel Hidalgo,23,2017,77.37
Nezahualcóyotl,23,2017,25.17
Texcoco,23,2017,20.88
Tlalpan,23,2017,42.52
Tlalpan,23,2017,35.92
Milpa Alta,23,2017,25.79
Magdalena Contreras,23,2017,26.71
Xochimilco,23,2017,57.87
Gustavo A. Madero,23,2017,29.47
Gustavo A. Madero,24,2017,35.92
Cuauhtémoc,24,2017,23.33
Ecatepec,24,2017,12.59
Miguel Hidalgo,24,2017,0.3
Nezahualcóyotl,24,2017,8.6
Texcoco,24,2017,15.35
Tlalpan,24,2017,15.35
Milpa Alta,24,2017,3.53
Magdalena Contreras,24,2017,3.68
Xochimilco,24,2017,3.2
Gustavo A. Madero,24,2017,40.68
Miguel Hidalgo,25,2017,66.31
Gustavo A. Madero,25,2017,0.49
Cuauhtémoc,25,2017,20.3
Tlalnepantla,25,2017,27.32
Ecatepec,25,2017,0.87
Cuajimalpa,25,2017,42.98
Miguel Hidalgo,25,2017,109.3
Nezahualcóyotl,25,2017,1.11
Texcoco,25,2017,1
Tlalpan,25,2017,50.66
Tlalpan,25,2017,21.18
Milpa Alta,25,2017,8.9
Magdalena Contreras,25,2017,48.51
Xochimilco,25,2017,7.21
Gustavo A. Madero,25,2017,3.68
Miguel Hidalgo,26,2017,45.44
Gustavo A. Madero,26,2017,142.45
Tlalpan,26,2017,51.27
Cuauhtémoc,26,2017,58.03
Tlalnepantla,26,2017,58.64
Ecatepec,26,2017,52.19
Cuajimalpa,26,2017,64.78
Miguel Hidalgo,26,2017,42.67
Nezahualcóyotl,26,2017,70
Texcoco,26,2017,22.72
Tlalpan,26,2017,50.96
Tlalpan,26,2017,35.92
Milpa Alta,26,2017,32.54
Magdalena Contreras,26,2017,56.8
Xochimilco,26,2017,28.86
Gustavo A. Madero,26,2017,76.14
Miguel Hidalgo,27,2017,77.52
Gustavo A. Madero,27,2017,77.98
Tlalpan,27,2017,74.3
Cuauhtémoc,27,2017,73.38
Tlalnepantla,27,2017,52.5
Ecatepec,27,2017,95.79
Cuajimalpa,27,2017,91.64
Miguel Hidalgo,27,2017,50.35
Nezahualcóyotl,27,2017,81.97
Texcoco,27,2017,57.1
Tlalpan,27,2017,120.04
Tlalpan,27,2017,139.08
Milpa Alta,27,2017,39.45
Magdalena Contreras,27,2017,143.99
Xochimilco,27,2017,29.47
Gustavo A. Madero,27,2017,51.58
Miguel Hidalgo,28,2017,28.55
Gustavo A. Madero,28,2017,93.33
Tlalpan,28,2017,21.49
Cuauhtémoc,28,2017,12.89
Tlalnepantla,28,2017,42.37
Ecatepec,28,2017,24.87
Cuajimalpa,28,2017,4.61
Miguel Hidalgo,28,2017,13.05
Nezahualcóyotl,28,2017,54.03
Texcoco,28,2017,60.17
Tlalpan,28,2017,23.64
Tlalpan,28,2017,22.1
Milpa Alta,28,2017,43.9
Magdalena Contreras,28,2017,6.14
Xochimilco,28,2017,12.59
Gustavo A. Madero,28,2017,84.12
Miguel Hidalgo,29,2017,58.95
Gustavo A. Madero,29,2017,9.52
Tlalpan,29,2017,66.93
Cuauhtémoc,29,2017,16.89
Tlalnepantla,29,2017,34.69
Ecatepec,29,2017,26.1
Cuajimalpa,29,2017,99.32
Miguel Hidalgo,29,2017,31.32
Nezahualcóyotl,29,2017,17.19
Texcoco,29,2017,26.4
Tlalpan,29,2017,53.73
Tlalpan,29,2017,65.24
Milpa Alta,29,2017,40.99
Magdalena Contreras,29,2017,44.82
Xochimilco,29,2017,34.08
Gustavo A. Madero,29,2017,8.6
Miguel Hidalgo,30,2017,25.48
Gustavo A. Madero,30,2017,14.74
Tlalpan,30,2017,36.38
Cuauhtémoc,30,2017,4.91
Tlalnepantla,30,2017,8.6
Ecatepec,30,2017,37.46
Cuajimalpa,30,2017,81.67
Miguel Hidalgo,30,2017,10.75
Nezahualcóyotl,30,2017,23.03
Texcoco,30,2017,3.84
Tlalpan,30,2017,10.13
Tlalpan,30,2017,7.21
Milpa Alta,30,2017,26.4
Magdalena Contreras,30,2017,7.06
Gustavo A. Madero,30,2017,11.97
Miguel Hidalgo,31,2017,28.25
Gustavo A. Madero,31,2017,4.76
Tlalpan,31,2017,29.47
Cuauhtémoc,31,2017,4.3
Tlalnepantla,31,2017,13.51
Ecatepec,31,2017,1.54
Cuajimalpa,31,2017,73.99
Miguel Hidalgo,31,2017,14.12
Nezahualcóyotl,31,2017,5.37
Texcoco,31,2017,6.6
Tlalpan,31,2017,24.25
Tlalpan,31,2017,42.52
Milpa Alta,31,2017,13.66
Magdalena Contreras,31,2017,53.73
Xochimilco,31,2017,3.68
Gustavo A. Madero,31,2017,6.91
Miguel Hidalgo,32,2017,64.78
Gustavo A. Madero,32,2017,12.28
Tlalpan,32,2017,29.47
Cuauhtémoc,32,2017,24.56
Tlalnepantla,32,2017,16.27
Ecatepec,32,2017,10.13
Cuajimalpa,32,2017,34.39
Miguel Hidalgo,32,2017,31.01
Nezahualcóyotl,32,2017,12.89
Texcoco,32,2017,23.33
Tlalpan,32,2017,47.13
Tlalpan,32,2017,57.1
Milpa Alta,32,2017,42.52
Magdalena Contreras,32,2017,66.16
Xochimilco,32,2017,5.83
Gustavo A. Madero,32,2017,14.74
Miguel Hidalgo,33,2017,69.38
Gustavo A. Madero,33,2017,54.65
Tlalpan,33,2017,56.8
Cuauhtémoc,33,2017,80.74
Tlalnepantla,33,2017,25.48
Ecatepec,33,2017,11.97
Cuajimalpa,33,2017,147.06
Miguel Hidalgo,33,2017,45.74
Nezahualcóyotl,33,2017,31.01
Texcoco,33,2017,14.43
Tlalpan,33,2017,47.28
Tlalpan,33,2017,57.41
Milpa Alta,33,2017,21.8
Magdalena Contreras,33,2017,64.78
Xochimilco,33,2017,30.7
Gustavo A. Madero,33,2017,86.58
Miguel Hidalgo,34,2017,114.21
Gustavo A. Madero,34,2017,16.27
Tlalpan,34,2017,70.46
Cuauhtémoc,34,2017,64.63
Tlalnepantla,34,2017,126.8
Ecatepec,34,2017,16.89
Cuajimalpa,34,2017,103.77
Miguel Hidalgo,34,2017,105.31
Nezahualcóyotl,34,2017,63.09
Texcoco,34,2017,17.96
Tlalpan,34,2017,69.38
Tlalpan,34,2017,33.3
Milpa Alta,34,2017,30.39
Magdalena Contreras,34,2017,73.38
Xochimilco,34,2017,34.08
Gustavo A. Madero,34,2017,13.97
Miguel Hidalgo,35,2017,82.28
Gustavo A. Madero,35,2017,105.31
Tlalpan,35,2017,116.36
Cuauhtémoc,35,2017,83.2
Tlalnepantla,35,2017,42.06
Ecatepec,35,2017,111.14
Cuajimalpa,35,2017,198.64
Miguel Hidalgo,35,2017,58.64
Nezahualcóyotl,35,2017,100.39
Texcoco,35,2017,56.8
Tlalpan,35,2017,226.42
Tlalpan,35,2017,116.1
Milpa Alta,35,2017,65.7
Magdalena Contreras,35,2017,181.75
Xochimilco,35,2017,73.38
Gustavo A. Madero,35,2017,84.74
Miguel Hidalgo,36,2017,8.6
Gustavo A. Madero,36,2017,15.35
Tlalpan,36,2017,60.79
Cuauhtémoc,36,2017,22.72
Tlalnepantla,36,2017,6.75
Ecatepec,36,2017,60.79
Cuajimalpa,36,2017,24.56
Nezahualcóyotl,36,2017,68.16
Texcoco,36,2017,24.87
Tlalpan,36,2017,20.57
Tlalpan,36,2017,119.1
Milpa Alta,36,2017,31.01
Magdalena Contreras,36,2017,26.4
Xochimilco,36,2017,8.9
Gustavo A. Madero,36,2017,13.82
Miguel Hidalgo,37,2017,50.96
Gustavo A. Madero,37,2017,11.97
Tlalpan,37,2017,38.68
Cuauhtémoc,37,2017,25.48
Tlalnepantla,37,2017,52.81
Ecatepec,37,2017,11.51
Cuajimalpa,37,2017,41.5
Miguel Hidalgo,37,2017,57.1
Nezahualcóyotl,37,2017,10.28
Texcoco,37,2017,2.15
Tlalpan,37,2017,54.03
Tlalpan,37,2017,14.43
Milpa Alta,37,2017,1.84
Magdalena Contreras,37,2017,40.53
Xochimilco,37,2017,11.36
Gustavo A. Madero,37,2017,23.64
Miguel Hidalgo,38,2017,10.13
Gustavo A. Madero,38,2017,8.29
Tlalpan,38,2017,27.32
Cuauhtémoc,38,2017,21.6
Tlalnepantla,38,2017,38.07
Ecatepec,38,2017,9.06
Cuajimalpa,38,2017,21.2
Miguel Hidalgo,38,2017,34.08
Nezahualcóyotl,38,2017,17.5
Texcoco,38,2017,26.5
Tlalpan,38,2017,72.45
Tlalpan,38,2017,16.27
Milpa Alta,38,2017,3.84
Magdalena Contreras,38,2017,58.95
Xochimilco,38,2017,10.8
Gustavo A. Madero,38,2017,25.79
Miguel Hidalgo,39,2017,53.73
Gustavo A. Madero,39,2017,23.33
Tlalpan,39,2017,47.59
Cuauhtémoc,39,2017,41.1
Tlalnepantla,39,2017,14.12
Ecatepec,39,2017,15.66
Cuajimalpa,39,2017,109
Miguel Hidalgo,39,2017,13.97
Nezahualcóyotl,39,2017,43.75
Texcoco,39,2017,21.5
Tlalpan,39,2017,78.9
Tlalpan,39,2017,85.66
Milpa Alta,39,2017,31.2
Magdalena Contreras,39,2017,68.16
Xochimilco,39,2017,46.6
Gustavo A. Madero,39,2017,36.84
Miguel Hidalgo,40,2017,3.99
Gustavo A. Madero,40,2017,0.49
Tlalpan,40,2017,7.4
Cuauhtémoc,40,2017,0.5
Tlalnepantla,40,2017,0.32
Ecatepec,40,2017,4.14
Cuajimalpa,40,2017,12.2
Miguel Hidalgo,40,2017,1.3
Nezahualcóyotl,40,2017,0.58
Texcoco,40,2017,0.54
Tlalpan,40,2017,11.36
Tlalpan,40,2017,4.14
Milpa Alta,40,2017,4.91
Magdalena Contreras,40,2017,27.94
Xochimilco,40,2017,7.9
Gustavo A. Madero,40,2017,0.54
Miguel Hidalgo,41,2017,15.96
Gustavo A. Madero,41,2017,4.61
Tlalpan,41,2017,27.9
Cuauhtémoc,41,2017,7.6
Tlalnepantla,41,2017,1.03
Ecatepec,41,2017,0.38
Cuajimalpa,41,2017,13.1
Miguel Hidalgo,41,2017,10.13
Nezahualcóyotl,41,2017,3.22
Texcoco,41,2017,4.91
Tlalpan,41,2017,21.8
Tlalpan,41,2017,83.51
Milpa Alta,41,2017,5.68
Magdalena Contreras,41,2017,16.27
Xochimilco,41,2017,12.8
Gustavo A. Madero,41,2017,8.75
Gustavo A. Madero,42,2017,0.2
Tlalpan,42,2017,3.8
Cuauhtémoc,42,2017,5.68
Cuajimalpa,42,2017,0.6
Texcoco,42,2017,8.75
Tlalpan,42,2017,10.28
Tlalpan,42,2017,8.9
Milpa Alta,42,2017,3.99
Magdalena Contreras,42,2017,10.75
Gustavo A. Madero,42,2017,0.3
Miguel Hidalgo,43,2017,7.06
Gustavo A. Madero,43,2017,0.1
Tlalpan,43,2017,13.5
Tlalnepantla,43,2017,0.49
Cuajimalpa,43,2017,9.52
Miguel Hidalgo,43,2017,4.91
Tlalpan,43,2017,14.43
Tlalpan,43,2017,0.49
Magdalena Contreras,43,2017,21.8
Gustavo A. Madero,44,2017,1.07
Cuauhtémoc,44,2017,7.21
Ecatepec,44,2017,1.38
Nezahualcóyotl,44,2017,15.04
Texcoco,44,2017,1.69
Magdalena Contreras,44,2017,5.7
Xochimilco,44,2017,4.4
Gustavo A. Madero,44,2017,0.92
Ecatepec,45,2017,0.2
Tlalpan,18,2011,11.37
Tlalnepantla,18,2011,7.78
Cuajimalpa,18,2011,9.38
Tlalpan,18,2011,1.81
Tlalpan,18,2011,6.19
Milpa Alta,18,2011,0.37
Magdalena Contreras,18,2011,4.99
Gustavo A. Madero,19,2011,1.5
Tlalpan,19,2011,16.43
Cuauhtémoc,19,2011,2.92
Tlalnepantla,19,2011,2.76
Ecatepec,19,2011,0.81
Cuajimalpa,19,2011,37.92
Miguel Hidalgo,19,2011,12.67
Texcoco,19,2011,9.08
Tlalpan,19,2011,17.35
Tlalpan,19,2011,17.96
Milpa Alta,19,2011,0.64
Magdalena Contreras,19,2011,17.26
Xochimilco,19,2011,5.53
Gustavo A. Madero,19,2011,3.53
Gustavo A. Madero,20,2011,0.55
Tlalpan,20,2011,0.71
Cuauhtémoc,20,2011,0.31
Tlalnepantla,20,2011,3.69
Cuajimalpa,20,2011,11.77
Miguel Hidalgo,20,2011,5.89
Texcoco,20,2011,0.61
Tlalpan,20,2011,0.74
Milpa Alta,20,2011,0.31
Gustavo A. Madero,20,2011,0.38
Tlalpan,21,2011,3.38
Cuauhtémoc,21,2011,3.49
Tlalnepantla,21,2011,12.27
Cuajimalpa,21,2011,10.44
Miguel Hidalgo,21,2011,0.84
Tlalpan,21,2011,2
Tlalpan,21,2011,3.22
Milpa Alta,21,2011,0.63
Magdalena Contreras,21,2011,1.12
Gustavo A. Madero,22,2011,7.08
Ecatepec,22,2011,2.46
Cuajimalpa,22,2011,1.01
Gustavo A. Madero,22,2011,5.79
Tlalpan,23,2011,5.89
Texcoco,23,2011,0.63
Tlalpan,23,2011,1.9
Tlalpan,23,2011,4.3
Milpa Alta,23,2011,1
Magdalena Contreras,23,2011,3.84
Xochimilco,23,2011,4.49
Miguel Hidalgo,24,2011,9.21
Tlalpan,24,2011,18.16
Cuauhtémoc,24,2011,0.64
Tlalnepantla,24,2011,9.21
Cuajimalpa,24,2011,24.94
Miguel Hidalgo,24,2011,13.67
Tlalpan,24,2011,6.29
Tlalpan,24,2011,26.64
Milpa Alta,24,2011,14.57
Magdalena Contreras,24,2011,7.21
Xochimilco,24,2011,3.53
Miguel Hidalgo,25,2011,66.62
Gustavo A. Madero,25,2011,58.77
Tlalpan,25,2011,70.24
Cuauhtémoc,25,2011,36.84
Tlalnepantla,25,2011,77.63
Ecatepec,25,2011,89.6
Cuajimalpa,25,2011,114.45
Miguel Hidalgo,25,2011,59.87
Texcoco,25,2011,29.63
Tlalpan,25,2011,85.91
Tlalpan,25,2011,94.19
Milpa Alta,25,2011,69.15
Magdalena Contreras,25,2011,90
Xochimilco,25,2011,55.88
Gustavo A. Madero,25,2011,48.79
Miguel Hidalgo,26,2011,167.23
Gustavo A. Madero,26,2011,108.16
Tlalpan,26,2011,158.15
Cuauhtémoc,26,2011,116.94
Tlalnepantla,26,2011,106.56
Ecatepec,26,2011,98.48
Cuajimalpa,26,2011,167.83
Miguel Hidalgo,26,2011,177.61
Texcoco,26,2011,110.65
Tlalpan,26,2011,123.43
Tlalpan,26,2011,141.89
Milpa Alta,26,2011,72.04
Magdalena Contreras,26,2011,146.28
Xochimilco,26,2011,108.96
Gustavo A. Madero,26,2011,118.34
Gustavo A. Madero,27,2011,84.01
Tlalpan,27,2011,32.23
Cuauhtémoc,27,2011,84.91
Tlalnepantla,27,2011,76.43
Ecatepec,27,2011,31.83
Cuajimalpa,27,2011,79.82
Miguel Hidalgo,27,2011,153.36
Texcoco,27,2011,21.45
Tlalpan,27,2011,71.64
Tlalpan,27,2011,67.25
Milpa Alta,27,2011,48.09
Magdalena Contreras,27,2011,103.57
Xochimilco,27,2011,50.69
Gustavo A. Madero,27,2011,98.38
Miguel Hidalgo,28,2011,27.17
Gustavo A. Madero,28,2011,61.46
Tlalpan,28,2011,53.08
Cuauhtémoc,28,2011,28.04
Tlalnepantla,28,2011,13.67
Ecatepec,28,2011,9.52
Cuajimalpa,28,2011,47.2
Miguel Hidalgo,28,2011,47.99
Texcoco,28,2011,28.94
Tlalpan,28,2011,71.04
Tlalpan,28,2011,51.59
Milpa Alta,28,2011,46.3
Magdalena Contreras,28,2011,49.12
Xochimilco,28,2011,39.51
Gustavo A. Madero,28,2011,70.44
Miguel Hidalgo,29,2011,60.37
Gustavo A. Madero,29,2011,14.27
Tlalpan,29,2011,31.43
Cuauhtémoc,29,2011,31.01
Tlalnepantla,29,2011,62.36
Ecatepec,29,2011,20.85
Cuajimalpa,29,2011,35.46
Miguel Hidalgo,29,2011,47.79
Texcoco,29,2011,7.38
Tlalpan,29,2011,31.47
Tlalpan,29,2011,37.62
Milpa Alta,29,2011,51.59
Magdalena Contreras,29,2011,9.21
Xochimilco,29,2011,90.72
Gustavo A. Madero,29,2011,23.55
Miguel Hidalgo,30,2011,9.98
Gustavo A. Madero,30,2011,48.66
Tlalpan,30,2011,35.52
Cuauhtémoc,30,2011,37.72
Tlalnepantla,30,2011,20.55
Ecatepec,30,2011,23.05
Cuajimalpa,30,2011,105.87
Miguel Hidalgo,30,2011,39.21
Nezahualcóyotl,30,2011,27.44
Texcoco,30,2011,52.98
Tlalpan,30,2011,30.13
Tlalpan,30,2011,12.89
Milpa Alta,30,2011,17.46
Magdalena Contreras,30,2011,27.17
Xochimilco,30,2011,20.85
Gustavo A. Madero,30,2011,44.2
Miguel Hidalgo,31,2011,10.68
Gustavo A. Madero,31,2011,9.38
Tlalpan,31,2011,50.19
Cuauhtémoc,31,2011,12.27
Tlalnepantla,31,2011,0.52
Ecatepec,31,2011,3.52
Cuajimalpa,31,2011,43.8
Miguel Hidalgo,31,2011,0.45
Nezahualcóyotl,31,2011,12.89
Texcoco,31,2011,15.77
Tlalpan,31,2011,41.21
Tlalpan,31,2011,26.84
Milpa Alta,31,2011,18.06
Magdalena Contreras,31,2011,51.29
Xochimilco,31,2011,29.14
Gustavo A. Madero,31,2011,8.38
Miguel Hidalgo,32,2011,1.09
Gustavo A. Madero,32,2011,10.98
Tlalpan,32,2011,21.95
Cuauhtémoc,32,2011,1.32
Tlalnepantla,32,2011,6.59
Ecatepec,32,2011,2.3
Cuajimalpa,32,2011,90.9
Miguel Hidalgo,32,2011,6.78
Nezahualcóyotl,32,2011,4.39
Texcoco,32,2011,26.24
Tlalpan,32,2011,0.54
Tlalpan,32,2011,13.67
Milpa Alta,32,2011,0.84
Magdalena Contreras,32,2011,12.74
Xochimilco,32,2011,0.55
Gustavo A. Madero,32,2011,4.39
Miguel Hidalgo,33,2011,51.69
Gustavo A. Madero,33,2011,11.97
Tlalpan,33,2011,43.1
Cuauhtémoc,33,2011,15.04
Tlalnepantla,33,2011,32.43
Ecatepec,33,2011,1.15
Cuajimalpa,33,2011,61.66
Miguel Hidalgo,33,2011,57.47
Nezahualcóyotl,33,2011,3.19
Texcoco,33,2011,0.52
Tlalpan,33,2011,33.03
Tlalpan,33,2011,33.43
Milpa Alta,33,2011,7.08
Magdalena Contreras,33,2011,22.87
Xochimilco,33,2011,8.38
Gustavo A. Madero,33,2011,10.68
Miguel Hidalgo,34,2011,92.59
Gustavo A. Madero,34,2011,107.61
Tlalpan,34,2011,151.86
Cuauhtémoc,34,2011,98.08
Tlalnepantla,34,2011,102.39
Ecatepec,34,2011,29.93
Cuajimalpa,34,2011,115.74
Miguel Hidalgo,34,2011,69.05
Nezahualcóyotl,34,2011,29.01
Texcoco,34,2011,22.57
Tlalpan,34,2011,162.64
Tlalpan,34,2011,96.99
Milpa Alta,34,2011,79.62
Magdalena Contreras,34,2011,11.51
Xochimilco,34,2011,49.39
Gustavo A. Madero,34,2011,69.65
Miguel Hidalgo,35,2011,107.06
Gustavo A. Madero,35,2011,88.4
Tlalpan,35,2011,55.28
Cuauhtémoc,35,2011,80.32
Tlalnepantla,35,2011,78.43
Ecatepec,35,2011,58.37
Cuajimalpa,35,2011,78.93
Miguel Hidalgo,35,2011,62.17
Nezahualcóyotl,35,2011,102.27
Texcoco,35,2011,15.04
Tlalpan,35,2011,59.87
Tlalpan,35,2011,95.69
Milpa Alta,35,2011,89.8
Magdalena Contreras,35,2011,57.87
Xochimilco,35,2011,59.67
Gustavo A. Madero,35,2011,90.1
Tlalpan,36,2011,2.89
Cuauhtémoc,36,2011,1.3
Tlalnepantla,36,2011,3.09
Cuajimalpa,36,2011,21.15
Miguel Hidalgo,36,2011,1.6
Tlalpan,36,2011,5.07
Tlalpan,36,2011,12.47
Milpa Alta,36,2011,2.2
Magdalena Contreras,36,2011,19.96
Xochimilco,36,2011,0.98
Gustavo A. Madero,36,2011,0.66
Miguel Hidalgo,37,2011,21.85
Gustavo A. Madero,37,2011,8.98
Tlalpan,37,2011,17.96
Cuauhtémoc,37,2011,10.78
Tlalnepantla,37,2011,19.46
Ecatepec,37,2011,4.39
Cuajimalpa,37,2011,77.23
Miguel Hidalgo,37,2011,7.28
Nezahualcóyotl,37,2011,2.99
Texcoco,37,2011,7.28
Tlalpan,37,2011,38.41
Tlalpan,37,2011,22.55
Milpa Alta,37,2011,23.25
Magdalena Contreras,37,2011,0.3
Xochimilco,37,2011,9.78
Gustavo A. Madero,37,2011,8.38
Miguel Hidalgo,38,2011,16.16
Gustavo A. Madero,38,2011,4.69
Tlalpan,38,2011,25.74
Tlalnepantla,38,2011,1.52
Ecatepec,38,2011,2
Cuajimalpa,38,2011,72.15
Miguel Hidalgo,38,2011,5.69
Nezahualcóyotl,38,2011,2.92
Texcoco,38,2011,11.77
Tlalpan,38,2011,77.83
Tlalpan,38,2011,21.85
Milpa Alta,38,2011,11.08
Magdalena Contreras,38,2011,5.22
Xochimilco,38,2011,6.45
Gustavo A. Madero,38,2011,3.07
Miguel Hidalgo,39,2011,22.55
Tlalpan,39,2011,0.31
Cuajimalpa,39,2011,26.14
Miguel Hidalgo,39,2011,6.69
Tlalpan,39,2011,1.06
Tlalpan,39,2011,3.38
Miguel Hidalgo,40,2011,61.86
Gustavo A. Madero,40,2011,92.1
Tlalpan,40,2011,43.7
Cuauhtémoc,40,2011,52.88
Tlalnepantla,40,2011,58.37
Ecatepec,40,2011,78.03
Cuajimalpa,40,2011,56.47
Miguel Hidalgo,40,2011,90.6
Nezahualcóyotl,40,2011,31.63
Texcoco,40,2011,24.65
Tlalpan,40,2011,54.08
Tlalpan,40,2011,45.4
Milpa Alta,40,2011,19.56
Magdalena Contreras,40,2011,18.88
Xochimilco,40,2011,18.06
Gustavo A. Madero,40,2011,61.96
Miguel Hidalgo,41,2011,0.8
Gustavo A. Madero,41,2011,48.49
Tlalpan,41,2011,12.37
Cuauhtémoc,41,2011,26.1
Tlalnepantla,41,2011,20.45
Ecatepec,41,2011,38.22
Cuajimalpa,41,2011,15.47
Miguel Hidalgo,41,2011,1.6
Nezahualcóyotl,41,2011,12.59
Texcoco,41,2011,15.17
Tlalpan,41,2011,11.97
Tlalpan,41,2011,22.55
Milpa Alta,41,2011,15.2
Xochimilco,41,2011,1.84
Gustavo A. Madero,41,2011,48.59
Miguel Hidalgo,43,2011,0.8
Cuajimalpa,43,2011,44.1
